plateID,2018_9_3_plate,2018_9_3_plate,2018_9_3_plate,2018_9_3_plate,2018_9_3_plate,2018_9_3_plate,2018_9_3_plate,2018_9_3_plate,2018_9_3_plate,2018_9_3_plate,2018_9_3_plate,2018_9_3_plate,2018_9_3_plate,2018_9_3_plate,2018_9_3_plate,2018_9_3_plate,2018_9_3_plate,2018_9_3_plate,2018_9_3_plate,2018_9_3_plate,2018_9_3_plate,2018_9_3_plate,2018_9_3_plate,2018_9_3_plate,2018_9_3_plate,2018_9_3_plate,2018_9_3_plate,2018_9_3_plate,2018_9_3_plate,2018_9_3_plate,2018_9_3_plate,2018_9_3_plate,2018_9_3_plate,2018_9_3_plate,2018_9_3_plate,2018_9_3_plate,2018_9_3_plate,2018_9_3_plate,2018_9_3_plate,2018_9_3_plate,2018_9_3_plate,2018_9_3_plate,2018_9_3_plate,2018_9_3_plate,2018_9_3_plate,2018_9_3_plate,2018_9_3_plate,2018_9_3_plate,2018_9_3_plate,2018_9_3_plate,2018_9_3_plate,2018_9_3_plate,2018_9_3_plate,2018_9_3_plate,2018_9_3_plate,2018_9_3_plate,2018_9_3_plate,2018_9_3_plate,2018_9_3_plate,2018_9_3_plate,2018_9_3_plate,2018_9_3_plate,2018_9_3_plate,2018_9_3_plate,2018_9_3_plate,2018_9_3_plate,2018_9_3_plate,2018_9_3_plate,2018_9_3_plate,2018_9_3_plate,2018_9_3_plate,2018_9_3_plate,2018_9_3_plate,2018_9_3_plate,2018_9_3_plate,2018_9_3_plate,2018_9_3_plate,2018_9_3_plate,2018_9_3_plate,2018_9_3_plate,2018_9_3_plate,2018_9_3_plate,2018_9_3_plate,2018_9_3_plate,2018_9_3_plate,2018_9_3_plate,2018_9_3_plate,2018_9_3_plate,2018_9_3_plate,2018_9_3_plate,2018_9_3_plate,2018_9_3_plate,2018_9_3_plate,2018_9_3_plate,2018_9_3_plate,2018_9_3_plate,2018_9_3_plate,2018_9_3_plate,2018_9_3_plate,2018_9_3_plate,2018_9_3_plate,2018_9_3_plate,2018_9_3_plate,2018_9_3_plate,2018_9_3_plate,2018_9_3_plate,2018_9_3_plate,2018_9_3_plate,2018_9_3_plate,2018_9_3_plate,2018_9_3_plate,2018_9_3_plate,2018_9_3_plate,2018_9_3_plate,2018_9_3_plate,2018_9_3_plate,2018_9_3_plate,2018_9_3_plate,2018_9_3_plate,2018_9_3_plate,2018_9_3_plate,2018_9_3_plate,2018_9_3_plate,2018_9_3_plate,2018_9_3_plate,2018_9_3_plate,2018_9_3_plate,2018_9_3_plate,2018_9_3_plate,2018_9_3_plate,2018_9_3_plate,2018_9_3_plate,2018_9_3_plate,2018_9_3_plate,2018_9_3_plate,2018_9_3_plate,2018_9_3_plate,2018_9_3_plate,2018_9_3_plate,2018_9_3_plate,2018_9_3_plate,2018_9_3_plate,2018_9_3_plate,2018_9_3_plate,2018_9_3_plate,2018_9_3_plate,2018_9_3_plate,2018_9_3_plate,2018_9_3_plate,2018_9_3_plate,2018_9_3_plate,2018_9_3_plate,2018_9_3_plate,2018_9_3_plate,2018_9_3_plate,2018_9_3_plate,2018_9_3_plate,2018_9_3_plate,2018_9_3_plate,2018_9_3_plate,2018_9_3_plate,2018_9_3_plate,2018_9_3_plate,2018_9_3_plate,2018_9_3_plate,2018_9_3_plate,2018_9_3_plate,2018_9_3_plate,2018_9_3_plate,2018_9_3_plate,2018_9_3_plate,2018_9_3_plate,2018_9_3_plate,2018_9_3_plate,2018_9_3_plate,2018_9_3_plate,2018_9_3_plate,2018_9_3_plate,2018_9_3_plate,2018_9_3_plate,2018_9_3_plate,2018_9_3_plate,2018_9_3_plate,2018_9_3_plate,2018_9_3_plate,2018_9_3_plate,2018_9_3_plate,2018_9_3_plate,2018_9_3_plate,2018_9_3_plate,2018_9_3_plate,2018_9_3_plate,2018_9_3_plate,2018_9_3_plate,2018_9_3_plate,2018_9_3_plate,2018_9_3_plate,2018_9_3_plate,2018_9_3_plate,2018_9_3_plate,2018_9_3_plate,2018_9_3_plate
reaction_type,test1,test1,test1,test1,test1,test1,test1,test1,test1,test1,all_products,all_products,all_products,all_products,all_products,all_products,all_products,all_products,all_products,all_products,all_products,all_products,all_products,test1,test1,test1,all_products,all_products,all_products,all_products,all_products,all_products,test1,test1,test1,test1,test1,test1,test1,test1,test1,test1,all_products,all_products,all_products,all_products,all_products,all_products,all_products,all_products,all_products,all_products,all_products,all_products,all_products,test1,test1,test1,all_products,all_products,all_products,all_products,all_products,all_products,test1,test1,test1,test1,test1,test1,test1,test1,test1,test1,all_products,all_products,all_products,all_products,all_products,all_products,all_products,all_products,all_products,all_products,all_products,all_products,all_products,test1,test1,test1,all_products,all_products,all_products,all_products,all_products,all_products,test1,test1,test1,test1,test1,test1,test1,test1,test1,test1,all_products,all_products,all_products,all_products,all_products,all_products,all_products,all_products,all_products,all_products,all_products,all_products,all_products,test1,test1,test1,all_products,all_products,all_products,all_products,all_products,all_products,test1,test1,test1,test1,test1,test1,test1,test1,test1,test1,all_products,all_products,all_products,all_products,all_products,all_products,all_products,all_products,all_products,all_products,all_products,all_products,all_products,test1,test1,test1,test1,test1,test1,test1,all_products,all_products,all_products,all_products,all_products,all_products,all_products,test1,test1,test1,test1,test1,test1,test1,all_products,all_products,all_products,all_products,all_products,all_products,all_products,test1,test1,test1,test1,test1,test1,test1,all_products,all_products,all_products,all_products,all_products,all_products,all_products,test1,test1,test1,all_products,all_products,all_products,all_products,all_products,all_products
unique_sampleID_number,246,270,318,342,366,390,414,gblock+IRE_plus18IRE,gblock+IRE_plus18IRE,gblock+IRE_plus18IRE,gblock+IRE_plus18IRE,gblock+IRE_plus18IRE,gblock+IRE_plus18IRE,gblock_minusIRE_onlyExonnoIRE,gblock_minusIRE_onlyExonnoIRE,gblock_minusIRE_onlyExonnoIRE,246,270,318,342,366,390,414,gblock+IRE_plus18IRE,gblock+IRE_plus18IRE,gblock+IRE_plus18IRE,gblock+IRE_plus18IRE,gblock+IRE_plus18IRE,gblock+IRE_plus18IRE,gblock_minusIRE_onlyExonnoIRE,gblock_minusIRE_onlyExonnoIRE,gblock_minusIRE_onlyExonnoIRE,247,271,319,343,367,391,415,gblock+IRE_plus18IRE,gblock+IRE_plus18IRE,gblock+IRE_plus18IRE,gblock+IRE_plus18IRE,gblock+IRE_plus18IRE,gblock+IRE_plus18IRE,gblock_minusIRE_onlyExonnoIRE,gblock_minusIRE_onlyExonnoIRE,gblock_minusIRE_onlyExonnoIRE,247,271,319,343,367,391,415,gblock+IRE_plus18IRE,gblock+IRE_plus18IRE,gblock+IRE_plus18IRE,gblock+IRE_plus18IRE,gblock+IRE_plus18IRE,gblock+IRE_plus18IRE,gblock_minusIRE_onlyExonnoIRE,gblock_minusIRE_onlyExonnoIRE,gblock_minusIRE_onlyExonnoIRE,248,272,320,344,368,392,416,gblock+IRE_plus18IRE,gblock+IRE_plus18IRE,gblock+IRE_plus18IRE,gblock+IRE_plus18IRE,gblock+IRE_plus18IRE,gblock+IRE_plus18IRE,gblock_minusIRE_onlyExonnoIRE,gblock_minusIRE_onlyExonnoIRE,gblock_minusIRE_onlyExonnoIRE,248,272,320,344,368,392,416,gblock+IRE_plus18IRE,gblock+IRE_plus18IRE,gblock+IRE_plus18IRE,gblock+IRE_plus18IRE,gblock+IRE_plus18IRE,gblock+IRE_plus18IRE,gblock_minusIRE_onlyExonnoIRE,gblock_minusIRE_onlyExonnoIRE,gblock_minusIRE_onlyExonnoIRE,257,305,329,353,377,401,437,gblock+IRE_plus18IRE,gblock+IRE_plus18IRE,gblock+IRE_plus18IRE,gblock+IRE_plus18IRE,gblock+IRE_plus18IRE,gblock+IRE_plus18IRE,gblock_minusIRE_onlyExonnoIRE,gblock_minusIRE_onlyExonnoIRE,gblock_minusIRE_onlyExonnoIRE,257,305,329,353,377,401,437,gblock+IRE_plus18IRE,gblock+IRE_plus18IRE,gblock+IRE_plus18IRE,gblock+IRE_plus18IRE,gblock+IRE_plus18IRE,gblock+IRE_plus18IRE,gblock_minusIRE_onlyExonnoIRE,gblock_minusIRE_onlyExonnoIRE,gblock_minusIRE_onlyExonnoIRE,258,306,330,354,378,402,438,gblock+IRE_plus18IRE,gblock+IRE_plus18IRE,gblock+IRE_plus18IRE,gblock+IRE_plus18IRE,gblock+IRE_plus18IRE,gblock+IRE_plus18IRE,gblock_minusIRE_onlyExonnoIRE,gblock_minusIRE_onlyExonnoIRE,gblock_minusIRE_onlyExonnoIRE,258,306,330,354,378,402,438,259,307,332,355,379,403,439,259,307,332,355,379,403,439,260,308,331,356,380,404,440,260,308,331,356,380,404,440,269,317,341,365,389,413,449,269,317,341,365,389,413,449,NTC,NTC,NTC,NTC,NTC,NTC,NTC,NTC,NTC
starting_quantity,NaN,NaN,NaN,NaN,NaN,NaN,NaN,100,100,100,100,100,100,100,100,100,NaN,NaN,NaN,NaN,NaN,NaN,NaN,0.5,0.5,0.5,0.5,0.5,0.5,0.5,0.5,0.5,NaN,NaN,NaN,NaN,NaN,NaN,NaN,50,50,50,50,50,50,50,50,50,NaN,NaN,NaN,NaN,NaN,NaN,NaN,0.1,0.1,0.1,0.1,0.1,0.1,0.1,0.1,0.1,NaN,NaN,NaN,NaN,NaN,NaN,NaN,10,10,10,10,10,10,10,10,10,NaN,NaN,NaN,NaN,NaN,NaN,NaN,0.05,0.05,0.05,0.05,0.05,0.05,0.05,0.05,0.05,NaN,NaN,NaN,NaN,NaN,NaN,NaN,5,5,5,5,5,5,5,5,5,NaN,NaN,NaN,NaN,NaN,NaN,NaN,0.01,0.01,0.01,0.01,0.01,0.01,0.01,0.01,0.01,NaN,NaN,NaN,NaN,NaN,NaN,NaN,1,1,1,1,1,1,1,1,1,NaN,NaN,NaN,NaN,NaN,NaN,NaN,NaN,NaN,NaN,NaN,NaN,NaN,NaN,NaN,NaN,NaN,NaN,NaN,NaN,NaN,NaN,NaN,NaN,NaN,NaN,NaN,NaN,NaN,NaN,NaN,NaN,NaN,NaN,NaN,NaN,NaN,NaN,NaN,NaN,NaN,NaN,NaN,NaN,NaN,NaN,NaN,NaN,NaN,NaN,NaN,NaN,NaN,NaN,NaN,NaN,NaN,NaN
,,,,,,,,,,,,,,,,,,,,,,,,,,,,,,,,,,,,,,,,,,,,,,,,,,,,,,,,,,,,,,,,,,,,,,,,,,,,,,,,,,,,,,,,,,,,,,,,,,,,,,,,,,,,,,,,,,,,,,,,,,,,,,,,,,,,,,,,,,,,,,,,,,,,,,,,,,,,,,,,,,,,,,,,,,,,,,,,,,,,,,,,,,,,,,,,,,,,,,,,,,
Cycle_number,A1,A2,A3,A4,A5,A6,A7,A16,A17,A18,A19,A20,A21,A22,A23,A24,B1,B2,B3,B4,B5,B6,B7,B16,B17,B18,B19,B20,B21,B22,B23,B24,C1,C2,C3,C4,C5,C6,C7,C16,C17,C18,C19,C20,C21,C22,C23,C24,D1,D2,D3,D4,D5,D6,D7,D16,D17,D18,D19,D20,D21,D22,D23,D24,E1,E2,E3,E4,E5,E6,E7,E16,E17,E18,E19,E20,E21,E22,E23,E24,F1,F2,F3,F4,F5,F6,F7,F16,F17,F18,F19,F20,F21,F22,F23,F24,G1,G2,G3,G4,G5,G6,G7,G16,G17,G18,G19,G20,G21,G22,G23,G24,H1,H2,H3,H4,H5,H6,H7,H16,H17,H18,H19,H20,H21,H22,H23,H24,I1,I2,I3,I4,I5,I6,I7,I16,I17,I18,I19,I20,I21,I22,I23,I24,J1,J2,J3,J4,J5,J6,J7,K1,K2,K3,K4,K5,K6,K7,L1,L2,L3,L4,L5,L6,L7,M1,M2,M3,M4,M5,M6,M7,N1,N2,N3,N4,N5,N6,N7,O1,O2,O3,O4,O5,O6,O7,P1,P2,P3,P4,P5,P6,P7,P16,P17,P18,P19,P20,P21,P22,P23,P24
1,3402.82,3500.45,3422.97,3478.42,3412.45,3460.7,3415.7,3567.65,3543.61,3545.54,3582.58,3461.93,3578.16,3594.31,3638.56,3554.59,3439.12,3686.8,3699.73,3609.28,3675.82,3669.98,3727.62,3560.12,3674.41,3545.26,3714.22,3678.1,3534.88,3531.38,3585.79,3554.22,3481.55,3472.68,3504.05,3493.29,3508.99,3431.76,3471.42,3511.29,3528.82,3552.21,3424.09,3513.14,3498.63,3621.46,3597.89,3640.95,3523.03,3572.08,3663.89,3652.57,3669.26,3673.84,3707.54,3505.47,3633.26,3652.73,3607.62,3602.3,3463.15,3489.39,3535.98,3660.54,3460.03,3485.17,3487.81,3492.67,3438.11,3548.14,3520.69,3478.22,3447.45,3469.73,3469.3,3396.89,3471.16,3588.8,3584.84,3547.3,3504.01,3554.5,3674.56,3725.94,3674.68,3614.59,3769.97,3615.86,3616.62,3565.51,3629.06,3612.92,3448.96,3485.1,3507.37,3619.68,3488.29,3500.87,3481.34,3528.1,3503.84,3556.78,3484.81,3426.82,3432,3349.76,3441.47,3461.06,3494.29,3518.46,3534.37,3500.47,3529.01,3631.95,3568.16,3575.06,3572.15,3621.53,3697.09,3560.1,3580.32,3615.33,3488.97,3563.22,3478.83,3333.21,3453.44,3539.57,3434.9,3536.21,3422.8,3538.27,3502.25,3529,3414.92,3381.72,3409.51,3441.97,3429.37,3415.99,3479.74,3459.41,3516.72,3482.64,3565.27,3621.74,3642.11,3608.06,3729.84,3586.76,3649.76,3564.08,3553.68,3497.05,3454.32,3460.41,3530.81,3512.78,3492.2,3684.97,3718,3675.67,3705.92,3620.37,3639.01,3571.9,3592.05,3553.74,3497.33,3497.32,3471.42,3497.77,3640.06,3719.1,3687.08,3732.11,3742.68,3534,3582.32,3552.61,3568.54,3542.43,3513.54,3471.79,3492.4,3520.4,3587.06,3638.98,3726.29,3597.86,3577.52,3534.97,3539.44,3450.74,3499.95,3458.87,3471.04,3461.74,3325.95,3357.2,3354.43,3353.37
2,3395.71,3474.48,3407.05,3448.8,3398.11,3429.84,3401.32,3540.01,3520.99,3516.47,3555.68,3436.4,3558.91,3566,3609.75,3526.49,3419.32,3651.49,3644.44,3567.42,3614.7,3617.39,3671.25,3515.21,3620.92,3497.45,3651.66,3616.47,3484.38,3484,3537.83,3523.98,3459.75,3440.77,3479.98,3461.64,3472.38,3394.85,3440,3468.79,3487.26,3512.39,3388.97,3472.48,3464.34,3587.1,3558.65,3623.06,3484.1,3522.55,3619.65,3602.22,3609.2,3619.08,3652.74,3455.05,3568.68,3585.85,3554.55,3542.83,3423.54,3430.63,3495.48,3629.24,3440.86,3444.81,3459.81,3457.38,3402.77,3512.29,3491.53,3444.54,3415.43,3436.81,3435.64,3361.53,3439.24,3550.13,3550.63,3528.44,3460.64,3515.97,3617.7,3660.49,3625.08,3559.03,3714.28,3562.13,3564.92,3499.48,3573.96,3546.98,3411.97,3429.04,3465.54,3584.01,3475.67,3475.07,3467.24,3494.91,3470.26,3517.51,3457.52,3395.08,3400.95,3314.41,3415.19,3415.33,3459.94,3482.79,3492.62,3479.24,3501.07,3601.48,3546.9,3538.81,3540.54,3577.28,3645.22,3515,3544.33,3558.69,3457.28,3504.49,3445.87,3294.57,3419.6,3513.08,3418.93,3510.55,3405.92,3520.05,3478.96,3508.87,3394.89,3356.59,3382.38,3394.92,3402.54,3381.55,3438.96,3435.62,3484.09,3468.76,3537.5,3573.78,3596.65,3563.71,3685.8,3541.48,3615.67,3540.15,3522.77,3459.03,3420.61,3430.73,3495.38,3481.65,3471.15,3633.34,3675.52,3630.98,3668.43,3566.09,3593.21,3555.16,3564.93,3517.88,3455.94,3466.62,3437.91,3464.77,3612.53,3669.72,3641.44,3675.5,3671.72,3484.73,3532.81,3530.5,3521.63,3503.81,3469.35,3432.86,3456.39,3485.29,3568.79,3622.49,3692.66,3571.43,3549.35,3516.05,3502.31,3418.96,3466.48,3425.62,3441.28,3431.98,3308.85,3334.85,3335.14,3340.26
3,3385.49,3468.19,3403.95,3440.76,3396.57,3427.51,3397.26,3539.65,3518.53,3512.05,3558.97,3440.08,3558.06,3568.71,3609.23,3554.97,3413.55,3651.22,3636.61,3562.45,3609.98,3619.94,3670.32,3504.43,3608.7,3491.04,3649.17,3613.82,3481.65,3475.23,3517.4,3520.65,3461.46,3433.01,3475.5,3459.49,3468.34,3394.17,3443.93,3465.92,3482.28,3505.54,3383.99,3470.06,3459.15,3582.51,3558.13,3626.25,3480.56,3517.8,3617.68,3600.87,3604.42,3616.15,3644.42,3448.69,3566.65,3585.77,3551.8,3537.73,3416.91,3429.84,3487.37,3618.66,3435.29,3443.9,3460.67,3454.78,3405.18,3506.05,3493.02,3439.47,3410.77,3430.77,3429.45,3354.13,3434.46,3544.11,3546.51,3527.88,3455.1,3514.68,3621.51,3663.2,3625.08,3559.1,3709.62,3561.89,3567.81,3495.55,3567.99,3543.18,3407.56,3427.67,3457.9,3575.24,3477.02,3478.03,3466.64,3491.69,3471.82,3516.19,3454.49,3389.23,3398.63,3312.13,3412.06,3410.46,3454.1,3482.76,3492.7,3477.57,3495.56,3597.16,3543.41,3532.55,3541.57,3572.28,3645.38,3507.84,3540.15,3553.87,3454.81,3504.12,3437.01,3290.75,3412.88,3506.38,3417.71,3510.47,3401.51,3517.45,3481.87,3499.85,3392.8,3350.81,3378.45,3392.99,3401.17,3378.83,3441.89,3433.81,3484.39,3463.51,3528.52,3572.03,3596.52,3561.98,3687.86,3534.38,3609.82,3537.22,3518.64,3459.85,3416.56,3430.18,3490.89,3480.25,3466.95,3633.25,3669.54,3629.2,3666.96,3564.73,3591.84,3552.02,3560.36,3519.12,3457.49,3465.61,3438.82,3468.78,3608.13,3665.57,3635.55,3673.38,3672.67,3483.09,3531.71,3528.16,3526.62,3505.28,3468.25,3428.43,3456.68,3480.1,3572.27,3619.18,3686.92,3569.2,3546.56,3508.78,3500.39,3415.58,3460.23,3423.46,3439.31,3431.5,3302.06,3329.45,3327.09,3343.04
4,3382.13,3466.25,3400.87,3437.29,3392.42,3418.66,3394.24,3531.24,3515.93,3508.33,3553.36,3437.22,3554.77,3564.58,3606.59,3558.66,3412.96,3646.32,3636.46,3559.8,3605.24,3612.44,3663.94,3506.81,3606.79,3493.72,3645.69,3606.64,3478.12,3470.43,3522.6,3514.7,3460.79,3432.78,3476.58,3457.86,3466.09,3388.41,3438.75,3465.01,3484.81,3500.4,3380.72,3467.38,3459.71,3579.53,3553.11,3616.11,3475.24,3511.26,3611.82,3596.47,3597.39,3609.5,3643.8,3439.31,3562.51,3580.82,3549.48,3534.97,3413.54,3418.7,3484.77,3615.53,3432.1,3442.49,3455.9,3453,3400.09,3501.72,3487.67,3440.27,3410.55,3428,3422.73,3353.53,3435.46,3542.23,3543.19,3527.03,3454.74,3507.02,3616.66,3654.61,3617.48,3561.99,3709.29,3556.13,3563.38,3493.63,3565.85,3540.57,3399.07,3419.26,3450.5,3569.66,3467.19,3471.07,3461.26,3485.26,3464.52,3509.67,3453.96,3387.48,3392.72,3308.54,3409.44,3407.41,3451.99,3480.59,3490.1,3474.83,3489.83,3588.63,3542.92,3528.36,3536.27,3566.62,3642.98,3504.53,3537.48,3544.8,3450.27,3495.98,3437.59,3285.43,3407.47,3504.84,3414.64,3499.84,3399.64,3512.53,3476.58,3499.73,3391.2,3350.58,3376.73,3394.55,3396.57,3379.7,3437.49,3428.95,3477.02,3461.63,3524.2,3570.61,3590.32,3556.73,3683.28,3534.78,3606.82,3532.92,3514.48,3453.87,3416.12,3429.82,3489.81,3474.21,3467.18,3633.72,3672.57,3628.29,3663.07,3567.57,3586.07,3552.45,3557.68,3513.12,3451.26,3460.21,3434.22,3463.9,3604.43,3666.14,3634.75,3666.71,3665.49,3479.77,3524.51,3529.54,3521.2,3505.72,3467.3,3421.25,3450.64,3472,3561.68,3612.15,3680.86,3560.37,3535.33,3502.39,3498.27,3406.12,3453.47,3417.74,3431.99,3420.38,3295.93,3323.62,3319.36,3336.65
5,3375.62,3458.78,3400.36,3434.86,3393.19,3419.32,3394.15,3530.7,3518.68,3509.44,3551.17,3432.83,3553.95,3567.2,3615.39,3563.84,3408.55,3639.27,3635.87,3555.36,3603.38,3610.94,3659.4,3499.87,3609.01,3489.87,3644.55,3605.8,3475.06,3469.77,3514.5,3510.35,3453.75,3423.46,3469.25,3452.22,3465.07,3383.6,3434.14,3462.17,3479.7,3496.76,3377.28,3465.22,3455.03,3580.79,3554.79,3614.18,3467.04,3508.87,3605.72,3592.75,3594.57,3605.36,3638.31,3440.53,3561.15,3580.14,3544.99,3532.06,3412.94,3422.81,3485.22,3616.2,3429.42,3439.99,3454.68,3453.34,3399.75,3501.67,3486.06,3440.1,3408.94,3427.81,3427.48,3352.39,3434.68,3541.38,3542.39,3517.86,3446.07,3498.68,3610.52,3658.34,3611.02,3561.61,3700.39,3549.59,3560.3,3488.33,3563.18,3533.42,3395.96,3419.67,3448.56,3570.27,3466.47,3465.46,3460.89,3490.05,3468.13,3511.06,3450.69,3384.5,3389.71,3305.01,3410.21,3411.52,3449.76,3475.34,3490.19,3471.43,3483.79,3584.65,3539.2,3525.35,3531.6,3564.05,3639.84,3505.65,3530.71,3547.63,3447.21,3494.25,3434.88,3284.17,3397.09,3502.15,3407.99,3500.23,3398.06,3513.77,3476.99,3497.46,3388.52,3351.93,3378.99,3391.74,3395.84,3373.6,3434.15,3432.44,3473.19,3459.41,3520.89,3563.14,3592.67,3554.38,3675.53,3527.9,3601.31,3526.23,3514.45,3456.66,3416.66,3425.92,3485.7,3472.9,3461.69,3625.89,3664.53,3619.02,3653.88,3561.49,3585.76,3547.5,3554.4,3508.56,3453.71,3460.33,3429.59,3458.55,3607.15,3658.86,3630.09,3660.47,3657.33,3475.17,3522.86,3526.4,3519.9,3498.88,3462.67,3427.47,3449.19,3473.43,3558.58,3609.93,3681.89,3554.23,3529.39,3498.26,3493.4,3408.77,3449.6,3414.68,3432.17,3420.35,3292.18,3318.17,3316.83,3332.73
6,3372.82,3457.27,3394.61,3428.99,3390.44,3412.48,3386.3,3525.94,3518.05,3503.7,3550.26,3433,3553.85,3570.2,3614.5,3560.61,3404.82,3636.16,3634.67,3549.94,3597.42,3606.5,3650.27,3498.17,3603.35,3489.6,3644.48,3600.46,3470.56,3468.95,3511.86,3506.39,3447.75,3425.58,3472.12,3452.47,3463.02,3387.73,3432.73,3459.92,3479.73,3503.35,3381.1,3461.86,3458.1,3579.52,3554.44,3614.82,3464.46,3506.45,3607.38,3595.23,3588.35,3605.35,3637.04,3437.65,3558.46,3575.55,3542.76,3527.75,3408.89,3420.63,3477.49,3609.81,3432.17,3438.92,3453.67,3449.65,3403.87,3500.51,3488.21,3436.92,3407.46,3427.47,3424.3,3352.42,3432.19,3539.85,3541.97,3522.26,3443.53,3500.17,3610.85,3655.41,3612.81,3552.47,3698.36,3549.67,3557.11,3488.28,3558.71,3533.53,3394.63,3415.25,3448.51,3560.49,3461.49,3464.32,3453.25,3485.91,3465.78,3508.04,3442.39,3381.27,3388.25,3306.26,3401.8,3408.27,3449.19,3472.39,3491.49,3471.46,3476.62,3582.61,3544.66,3526.41,3529.83,3566.06,3638.83,3501.74,3534.45,3542.89,3444.63,3490.43,3429.72,3279.36,3394.87,3498.22,3409.56,3496.57,3395.82,3509.36,3479.61,3494.28,3386.85,3348.78,3372.9,3391.17,3393.37,3372.75,3433.15,3425.42,3469.6,3457.15,3518.62,3561.12,3585.57,3552.04,3670.14,3527.92,3598.21,3521.88,3510.5,3451.17,3416.27,3424.2,3484.71,3470.4,3456.06,3620.85,3663.14,3611.98,3645.13,3558.79,3582.9,3544.86,3553.26,3510.84,3455.26,3460.94,3434.19,3459.61,3600.2,3653.28,3622.37,3654.99,3650.24,3476.61,3520.3,3526.61,3519.47,3493.73,3458.71,3420.02,3447.2,3469.79,3555.58,3598.93,3673.76,3550.2,3523.08,3489.71,3490.57,3404.33,3445.34,3413.97,3428.66,3413.47,3283.38,3318.06,3311.76,3327.69
7,3376.73,3455.7,3396.23,3428.17,3388.6,3412.28,3388.88,3527.66,3518.61,3506.58,3550.21,3431.16,3558.14,3571.14,3615.45,3563.08,3402.03,3633.93,3628.69,3548.66,3594.25,3599.47,3646.33,3497.15,3603.33,3488.96,3640.04,3599.72,3468.93,3466.7,3515.51,3508.29,3447.09,3426.83,3468.37,3450.78,3456.39,3384.69,3433.05,3456.24,3476.39,3498.23,3379.12,3465.59,3459.11,3575.93,3553.8,3609.46,3460.43,3501.53,3605.1,3593.92,3587.66,3602.59,3634.07,3437.17,3559.04,3571.14,3541.82,3528.34,3405.96,3414.89,3474.9,3608.83,3418.15,3434.88,3451.59,3449.28,3400.78,3495.45,3487.47,3439.17,3406.8,3425.09,3425.3,3350.27,3433.85,3539.78,3542.06,3513.68,3442.31,3499.25,3607.54,3653.83,3613.82,3554.1,3695.28,3545.29,3560.96,3489.69,3558.1,3531.23,3390.68,3409.83,3443.01,3557.73,3461.77,3464.14,3455.13,3488.32,3466.39,3508.13,3442.09,3376.86,3390.9,3305.84,3404.34,3404.19,3448.09,3471.12,3494,3470.48,3476.77,3575.03,3538.85,3523.24,3523.93,3556.22,3639.6,3499.32,3532.19,3540.58,3439.07,3491.19,3425.87,3278.01,3394.39,3499.11,3410.5,3498.5,3395.46,3515.67,3479.9,3494.95,3383.59,3347.02,3371.89,3393.53,3389.24,3370.66,3430.46,3423.09,3466.56,3455.34,3513.78,3556.55,3582.82,3551.59,3670,3520.95,3598.63,3522.09,3514.97,3446.26,3415.22,3422.08,3486.3,3467.79,3452.7,3619.22,3656.85,3609.3,3643.99,3556.34,3583.02,3544.44,3549.86,3505.47,3450.68,3462.66,3434.3,3452.29,3602.82,3651.68,3619.51,3653.19,3653.46,3477.02,3518.51,3520.68,3516.32,3495.61,3454.61,3417.9,3447.25,3468.46,3557.63,3598.44,3675.67,3543.87,3518.29,3486.96,3490.36,3406.37,3440.09,3407.22,3424.63,3411.77,3281.63,3312.42,3307.83,3330.36
8,3380.68,3453.86,3396.45,3430.52,3390.92,3411.21,3388.08,3538.21,3518.68,3507.36,3556.1,3433.22,3559.79,3572.58,3624.78,3564.04,3398.1,3627.27,3627.48,3543.54,3597.52,3595.95,3643.85,3497.94,3599.98,3488.24,3637.75,3593.15,3468.46,3457.55,3511.72,3510.19,3442.91,3424.05,3468.04,3454.28,3454.72,3385.56,3426.92,3457.94,3478.91,3495.32,3374.69,3462.04,3457.61,3578.31,3548.26,3612.78,3455.42,3498.44,3598.89,3592.49,3585.07,3599.05,3630.02,3435.23,3556.34,3569.77,3541.16,3527.64,3402.03,3414.37,3469.27,3607.5,3417.84,3435.66,3452.73,3450.83,3402.52,3497.42,3483.78,3431.81,3407,3425.93,3421.2,3352.54,3430.58,3531.78,3540.95,3516.58,3440.36,3493.87,3606.06,3648.94,3616.45,3544.52,3694.35,3547.33,3556.18,3485.21,3554.99,3529.9,3392.18,3408.69,3442.42,3556.83,3456.19,3459.94,3457.5,3489.28,3467.78,3507.35,3434.65,3375.87,3383.31,3300.3,3398.26,3402.06,3443.67,3467.82,3487.83,3465.13,3472.54,3567.54,3539.9,3521.94,3520.37,3556.98,3639.99,3502.32,3531.27,3539.59,3438.36,3488.72,3424.29,3277.18,3391.2,3494.42,3403.25,3493.71,3390.42,3512.4,3472.77,3491.05,3378.24,3345.48,3367.88,3391.15,3386.44,3367.02,3428.12,3424.22,3468.36,3451.49,3508.07,3552.75,3582.75,3550.39,3660.12,3521.86,3598.34,3520.73,3505.53,3450.89,3411.81,3420.39,3485.47,3467.75,3454.27,3620.92,3664.26,3606.83,3642.24,3560.41,3585.09,3541.88,3547.58,3509.32,3452.71,3458.97,3434.44,3454.91,3598.97,3645.96,3618.78,3646.43,3652.53,3476.39,3518.5,3525.8,3517.75,3491.76,3458.65,3417.12,3439.03,3466.49,3554.3,3595.47,3672.41,3541.25,3514.44,3491.72,3486.98,3403.28,3445.07,3409.31,3424.87,3406.42,3279.21,3309.02,3305.12,3325.72
9,3379.94,3448.66,3390.75,3427.17,3391.78,3407.66,3383.33,3532.34,3525.88,3511.86,3556.91,3439.42,3567.94,3577.57,3630.12,3573.08,3401.9,3623.94,3627.46,3542.19,3595,3594.88,3644.16,3495.75,3602.03,3492.28,3639.19,3595.8,3470.69,3454.56,3513.76,3508.77,3439.12,3426.59,3460.47,3448.17,3458.56,3380.36,3421.86,3460.1,3484.16,3499.51,3380.64,3462.54,3459.91,3581.45,3556.51,3614.32,3451.8,3498.28,3601.11,3590.68,3586.35,3601.12,3628.37,3435.82,3552.79,3569.01,3540.79,3528.06,3400.42,3411.23,3469.71,3601.92,3419.48,3431.58,3445.82,3452.28,3404.72,3501.62,3475.04,3435.94,3401.49,3426.32,3422.01,3350.9,3432.22,3536.06,3543.85,3516.01,3436.05,3491.09,3603.54,3647.26,3612.34,3543.69,3694.33,3547.59,3558.02,3483.57,3556.07,3528.41,3385.74,3407.2,3438.57,3553.53,3456.7,3457.69,3455.21,3493.63,3468.26,3516.85,3438.01,3372.48,3382.46,3300.29,3400.03,3398.93,3442.42,3469.54,3488.16,3465.03,3467.53,3565.25,3545.63,3519.12,3519.01,3554.62,3640.79,3500.22,3527.24,3537.03,3437.48,3483.96,3422.42,3270.25,3394.47,3495.94,3403.31,3493.84,3392.37,3507.35,3473.73,3492.91,3385.11,3342.96,3365.64,3390.66,3383.87,3368.67,3428.29,3422.43,3471.14,3450.54,3508.85,3550.75,3579.5,3547.36,3658.82,3522.44,3599.49,3517.07,3507.71,3448.26,3411.04,3419.86,3492.02,3471.42,3447.1,3615.41,3663.25,3602.91,3639.74,3559.32,3584.57,3542.18,3544.43,3508.86,3451.12,3457.37,3434.95,3455.46,3597.79,3647.72,3617.44,3642.94,3648.28,3475.12,3521.08,3531.42,3514.42,3492.26,3459.29,3419.58,3442.31,3464.81,3549,3588.31,3666.11,3545.24,3512.67,3490.12,3490.36,3400.52,3439.86,3407.91,3423.18,3406.94,3278.95,3307.6,3309.12,3324.59
10,3377.77,3449.15,3387.54,3426.65,3388.11,3404.89,3379.25,3547.45,3537.98,3522.83,3561.5,3443.86,3572.62,3597.46,3643.83,3583.69,3393.29,3620.88,3628.42,3541.19,3592.85,3592.52,3644.16,3489.57,3600.74,3481.04,3637.07,3591.36,3472.32,3455.24,3507.6,3507.18,3436.67,3422.22,3468.2,3454.56,3457.3,3376.35,3422.53,3462.23,3489.72,3503.37,3385.68,3461.74,3463.68,3591.71,3558.37,3623.57,3449.53,3496.25,3597.07,3590.04,3582.5,3599.48,3629.64,3432.04,3549.97,3569.86,3536.92,3525.13,3401.59,3409.64,3470.19,3604.38,3415.37,3430.43,3445.33,3454.91,3402.42,3499.47,3475.73,3431.47,3401.77,3425.36,3420.32,3345.98,3431.59,3537.22,3537.83,3519.72,3433.36,3487.58,3603.86,3648.24,3607.15,3540.38,3687,3545.02,3558.84,3483.97,3551.68,3524.83,3386.56,3407.33,3441.16,3553.61,3455.5,3456.24,3453.68,3487.76,3461.12,3510.65,3441.3,3374.83,3386.71,3301.12,3398.61,3398.75,3444.31,3469.99,3479.56,3467.72,3462.73,3560.98,3532.27,3518.87,3517.64,3552.28,3635.11,3495.17,3526.97,3533.15,3433.08,3483.64,3420.65,3268.54,3390.32,3490.77,3407.09,3492.12,3391.85,3510.98,3469.7,3498.08,3380.97,3338.41,3365.79,3384.19,3381.32,3367.35,3425.18,3423.05,3465.52,3449.37,3500.44,3547.86,3576.81,3542.17,3654.99,3520.14,3599.27,3511.93,3502.74,3445.92,3411.46,3416.93,3488.99,3463.45,3443.32,3611.21,3657.26,3598.31,3638.67,3556.78,3584.32,3541.33,3543.24,3501.52,3455.69,3453.68,3429.57,3449.56,3600.38,3643.35,3614.45,3643.8,3649.43,3477.28,3518.53,3525.75,3511.4,3485.77,3451.74,3412.73,3439.89,3464.62,3551.63,3592.92,3665.68,3538.24,3516.06,3492.14,3488.15,3405.56,3436.57,3407.27,3425.49,3407.73,3275.06,3305.39,3304.89,3318.18
11,3376.28,3457.55,3387.91,3424.87,3389.13,3405.62,3377.84,3566.02,3560.2,3550.67,3583.61,3455.21,3595.14,3612.97,3665.34,3607.01,3393.36,3619.04,3624.48,3540.86,3592.41,3593.02,3648.22,3495.02,3603.91,3484.79,3635.55,3592.05,3469.34,3456.87,3509.8,3509.45,3436.88,3423.17,3462.46,3450.93,3455.52,3376.41,3424.38,3472.83,3494.09,3519.14,3391,3474.81,3469.52,3604.29,3574.49,3636.02,3452.14,3493.2,3595.99,3590.67,3583.72,3595.91,3622.96,3429.31,3558.56,3566.21,3538.77,3524.83,3399.04,3408.39,3464.13,3597.2,3414.92,3432.62,3442.95,3450.08,3402.26,3501.33,3485.12,3434.1,3402.85,3423.74,3420.11,3347.31,3434.12,3539.78,3545.35,3519,3430.88,3485.57,3603.51,3649.75,3609.67,3538.16,3689.03,3543.43,3556.84,3484.15,3552.29,3526.72,3388.27,3409.42,3442.27,3552.45,3454.2,3454.89,3454.58,3488.99,3458.15,3508.91,3433.23,3376.11,3384,3298.21,3394.45,3395.68,3445.04,3468.76,3481.5,3465.96,3465.01,3558.57,3531.72,3517.38,3517.01,3553.84,3635.46,3495.85,3527.1,3531.14,3434.74,3483.46,3420.95,3267.18,3387.82,3487.13,3401.27,3495.35,3387.6,3510.81,3466.61,3496.92,3380.28,3341.76,3364.02,3385.61,3381.38,3370.6,3425.91,3423.2,3470.34,3448.46,3497.46,3545.8,3575.72,3538.31,3655.45,3519.13,3604.47,3509.39,3503.8,3442.41,3403.9,3418.4,3485.77,3463.55,3445.76,3613.83,3662.68,3604.01,3635.47,3562,3581.97,3537.47,3548.87,3501.08,3449.75,3454.63,3432.13,3447.84,3601.57,3640.72,3617.4,3642.4,3649.39,3477.85,3520.43,3530.7,3515.12,3491.63,3452.6,3422.06,3439.29,3461.63,3553.26,3585.53,3666.42,3533.11,3513.07,3486.5,3483.11,3404.07,3435.3,3405.84,3424.52,3407.1,3272.51,3305.99,3307.16,3324.25
12,3378.48,3450.92,3387.91,3431.07,3389.46,3407.39,3382.76,3609.37,3606.73,3587.76,3615.21,3483.89,3622.3,3655.7,3708.28,3646.35,3393.41,3618.26,3623.06,3543.36,3589.45,3600.48,3644.9,3488.42,3599.87,3481.8,3635.94,3594.06,3464.29,3456.63,3509.92,3514.3,3432.9,3422.89,3458.61,3450.92,3459.89,3379.68,3423.73,3504.02,3519.59,3546.98,3405.8,3488.11,3488.78,3624.04,3593.64,3658.12,3449.62,3495.27,3595.21,3591.38,3583.57,3598.49,3625.9,3431.85,3556.57,3565.65,3537.14,3521.38,3397.62,3408.54,3469.53,3599.33,3413.46,3425.12,3443.32,3449.87,3402.08,3502.2,3477.33,3437.34,3407.63,3430.99,3427.54,3347.15,3433.83,3543.02,3540.16,3520.99,3428.1,3487.62,3602.2,3645.31,3605.33,3540.08,3689.93,3543.94,3555.36,3481.5,3554.31,3528.2,3382.57,3402.67,3439.2,3555.79,3450.42,3451.58,3444.04,3486.21,3458.91,3507.3,3431.97,3370.38,3381.36,3303.86,3395.27,3397.11,3444.23,3469.44,3483.72,3468.16,3461.47,3558.2,3530.81,3511.72,3515.34,3556.97,3637.58,3498.72,3525.24,3532.3,3431.89,3481.42,3421.11,3264.71,3389.24,3488.08,3399.41,3492.4,3382.3,3504.21,3466.55,3494.63,3376.45,3342.18,3363.41,3390.03,3377.96,3366.24,3425.79,3418.99,3464.71,3446.32,3501.39,3546.42,3574.84,3537.28,3655,3516.76,3603.11,3509.81,3500.33,3439.8,3406.24,3417.27,3483.89,3462.43,3444.39,3608.04,3667.74,3600.81,3642.01,3556.84,3583.88,3536.49,3547.34,3502.22,3449.46,3456.47,3435.93,3452.99,3591.72,3637.55,3612.31,3639.59,3648.92,3473.03,3515.91,3530.64,3511.73,3488.67,3454.46,3419.11,3437.17,3465.75,3553.71,3585.61,3668.07,3534.99,3511.67,3489.24,3486.22,3399.77,3441.35,3408.83,3425.1,3403.71,3268.15,3304.55,3299.73,3319.79
13,3377.15,3449.53,3391.89,3428.28,3389.39,3408.82,3376.39,3674.7,3669.84,3649.46,3663.91,3524.87,3671.68,3724.96,3779.8,3716.59,3388.39,3618.29,3620.1,3541.41,3593.14,3595.11,3643.37,3494.15,3601.62,3483.77,3638.13,3593.59,3466.49,3455.37,3514.29,3512.04,3432.78,3420.33,3455.17,3449.96,3457.07,3379.65,3420.47,3537.17,3554.17,3582.72,3422.91,3516.96,3509.88,3666.03,3634.16,3705.33,3443.11,3493.64,3596.44,3592.47,3583.67,3593.73,3624.96,3433.16,3556.11,3568.94,3538.35,3522.91,3398.08,3405.2,3471.55,3596.89,3414.83,3430,3443.87,3447.01,3401.79,3501.53,3477.42,3436.78,3408.83,3436.46,3426.93,3353.43,3438.49,3547.79,3551.38,3528.78,3430.56,3486.16,3604.88,3645.51,3600.97,3534.27,3686.44,3539.4,3552.56,3478.36,3554.28,3523.34,3378,3401.69,3441.64,3555.03,3449.41,3449.7,3446.44,3486.56,3457.11,3508.65,3433.65,3374.88,3381.69,3306.59,3398.47,3399.47,3443.51,3470.89,3485.22,3471.99,3458.29,3560.37,3526.98,3511.15,3518.8,3555.14,3640.65,3494.77,3529.58,3534.91,3435.11,3484.94,3419.01,3266.06,3388.05,3486.29,3402.32,3492.83,3384.97,3504.54,3464.19,3489.77,3380.78,3342.59,3362.46,3387.74,3383.33,3365.71,3425.7,3422.22,3466.36,3447.29,3500.72,3550.57,3574.1,3536.62,3650.69,3514.46,3603.31,3507.24,3504.06,3437.87,3406.18,3415.47,3481.11,3462.34,3444.66,3611.07,3652.66,3598.87,3635.33,3557.85,3583.74,3534.47,3545.84,3506.52,3448.96,3456.06,3430.56,3446.9,3594.31,3636.69,3613.44,3637.64,3649.63,3474.02,3521.21,3536.15,3510.09,3487.09,3448.43,3416.89,3434.77,3459.69,3550.98,3586.14,3669.9,3536.65,3508.98,3491.17,3490.3,3400.35,3435.31,3407.5,3421.55,3402.78,3268.22,3302.33,3305.19,3317.17
14,3376.83,3446.1,3390.21,3427.2,3388.13,3405.41,3377.39,3759.46,3758.64,3734.96,3731.52,3584.28,3739.78,3807.93,3863.54,3808.13,3390.79,3620.45,3627.68,3542.04,3592.17,3598.83,3647.72,3492.06,3601.77,3485.95,3637.52,3595.79,3464.71,3455.44,3513.98,3510.13,3436.12,3419.93,3459.36,3452.81,3459.84,3377.03,3421.28,3591.07,3619.71,3644.94,3460.17,3553.36,3548.28,3728.37,3697.03,3768.22,3446.91,3491.42,3592.31,3593.54,3579.92,3593.4,3620.48,3436.45,3554.38,3567.96,3541.41,3523.65,3399.35,3410.91,3472.44,3598.1,3413.97,3426.47,3441.05,3450.35,3401.24,3500.38,3485.69,3456.93,3423.53,3446.02,3431.15,3360.41,3445.8,3564.24,3564.74,3538.81,3425.54,3483.38,3601.08,3643.99,3608.25,3529.91,3688.23,3540.56,3552.38,3480.9,3551.45,3523.68,3376.77,3402.31,3442.69,3553.57,3450.14,3446.5,3445.42,3485.11,3458.23,3507.26,3431.54,3380.32,3386.6,3315.21,3405.34,3404.54,3450.62,3478.99,3495.79,3478.11,3460.31,3562.94,3534.55,3509.05,3513.82,3556.33,3640.54,3494.34,3530.18,3532,3436.8,3480.56,3416.58,3262.88,3388.73,3484.51,3397.27,3489.06,3386.27,3502.97,3466.65,3489.54,3377.63,3342.89,3362.37,3388.52,3380.17,3369.42,3423.54,3420.21,3463.93,3447.93,3498.53,3542.67,3575.97,3534.63,3651.14,3515.63,3604.48,3510.3,3501.5,3442.44,3404.3,3414.56,3481.78,3466.05,3443.93,3611.52,3652.71,3597.88,3636.5,3559.58,3583.61,3536.32,3544.39,3504.52,3450.04,3449.27,3430.42,3453.12,3597.35,3641.86,3611.96,3638.02,3643.67,3473.42,3522.01,3536.9,3514.83,3489.68,3452.77,3413.15,3439.33,3459.09,3551.76,3583.97,3663.29,3531.76,3511.22,3495.1,3487.97,3402.47,3436.48,3404.71,3421.92,3404.3,3268.52,3299.15,3303.08,3321.75
15,3376.68,3448.05,3392.43,3427.41,3390.25,3405.47,3375.82,3858.45,3860.48,3830.79,3814.63,3655.76,3820.93,3903.67,3962.82,3904.2,3388.2,3621.61,3623.41,3546.59,3590.24,3597.21,3648.43,3493.17,3608.91,3490.09,3636.84,3599.89,3468.1,3452.57,3513.72,3511.47,3432.31,3416.8,3454.78,3447.6,3451.96,3375.01,3417.78,3674.16,3700.08,3734.06,3513.23,3613.36,3606.48,3813.75,3778.27,3857.93,3441.31,3494.23,3596.65,3589.02,3577.05,3588.48,3621.82,3434.24,3557.22,3564.79,3540.01,3521.95,3397.94,3405.51,3469.2,3592.95,3415.11,3424.06,3442.43,3445.53,3398.51,3499.71,3482.25,3478.46,3449.27,3470.96,3443.6,3372.87,3459.62,3588.22,3580.29,3565.5,3423.67,3483.26,3595.31,3639.79,3601.87,3535.5,3687.27,3544.06,3553.39,3478.96,3549.58,3520.42,3378.27,3399.14,3441.53,3554.13,3449.19,3453.06,3445.13,3483,3460.93,3504.05,3435.9,3392.65,3401.79,3320.96,3409.67,3409.15,3454.69,3490.12,3501.99,3487.78,3461.02,3558.91,3528.86,3513.38,3514.57,3553.83,3640.87,3495.45,3528.9,3528.85,3433.87,3485.54,3412.98,3259.72,3390.78,3487.13,3396.79,3492.8,3388.04,3499.67,3467.01,3490.45,3377.2,3343.94,3365.71,3393.21,3382.2,3367.6,3428.76,3422.29,3469.58,3454.44,3498.06,3545.44,3575.76,3534.54,3654.36,3518.59,3605.6,3505.75,3500.87,3443.81,3407.37,3416.51,3480.23,3463.4,3437.84,3612.14,3657.22,3602.51,3635.6,3556.43,3586.26,3533.89,3542.17,3500.44,3448.25,3452.31,3428.53,3450.8,3599.71,3641.81,3615.66,3645.14,3650.82,3481.03,3520.9,3536.47,3510.41,3482.47,3449.43,3409.63,3434.03,3455.88,3551.27,3586,3666.67,3533.06,3513.27,3489.15,3488.66,3402.53,3433.19,3403.74,3421.03,3403.51,3270.79,3300.27,3298.66,3319.41
16,3377.62,3436.04,3387.18,3421.43,3392.07,3406.2,3373.82,3962.57,3961.6,3931.46,3906.06,3732.38,3926.26,4011.08,4065.73,4010.76,3390.29,3617.2,3622.06,3542.97,3589.66,3596.16,3649.12,3499.33,3612.66,3486.49,3641.62,3593.96,3471.62,3463.72,3518.17,3518.44,3430.49,3417.2,3454.64,3449.22,3454.94,3377.94,3420.6,3766.28,3802.46,3833.21,3583.16,3684.04,3684.85,3918.32,3879.06,3970.21,3449.39,3495.76,3600.36,3591.2,3582.72,3591.92,3619.39,3436.18,3554.05,3570.21,3535.35,3519.63,3398.06,3408.33,3474.66,3599.86,3410.05,3424.24,3441.13,3449.1,3396.41,3497.65,3482.92,3521.46,3488.85,3513.7,3470.97,3389.55,3485.55,3630.81,3611.56,3615.48,3424.48,3483.19,3598.42,3636.91,3601.71,3528.41,3685.95,3541.59,3554.75,3477.64,3548.26,3522.38,3377.04,3399.34,3439.27,3554.31,3448.02,3449.78,3447.65,3480.91,3457.39,3505.82,3434.58,3407.13,3420.84,3342.93,3415.82,3421.1,3464.52,3508.57,3526.43,3509.93,3458.01,3563.28,3528.65,3508.94,3510.04,3550.39,3641.49,3495.46,3530.2,3530.98,3438.83,3486.46,3413.66,3260.66,3389.95,3485.75,3396.97,3490.78,3378.99,3500.88,3466.49,3489.58,3378.51,3348.72,3371.29,3394.02,3382.24,3366.72,3429.02,3426.38,3467.01,3457.63,3491.87,3544.81,3572.05,3532.76,3648.95,3514.73,3607.34,3502,3498.08,3434.66,3403.38,3414.94,3473.71,3461.75,3443.18,3609.8,3656.01,3600.43,3639.19,3560.31,3584.07,3532.38,3538.32,3501.55,3448.28,3449.16,3429.64,3450.04,3593.86,3637.08,3614.42,3637.21,3644.26,3476.15,3518.11,3537.81,3506.21,3483.27,3450.43,3405.73,3428.73,3450.14,3546.97,3584.89,3662.28,3532.26,3517.38,3493.25,3485.86,3404.91,3437.3,3407.82,3421.81,3405.71,3264.28,3301.09,3302.51,3323.36
17,3378.48,3444.08,3389.37,3423.41,3389.13,3405.28,3373.83,4065.76,4066.29,4039.85,4006.04,3822.58,4031.81,4118.06,4175.29,4110.96,3388.67,3614.85,3627.55,3540.64,3591.82,3595.77,3646.61,3506.35,3618.6,3492.58,3641.66,3598.52,3468.19,3466.59,3522.85,3519.88,3429.88,3415.68,3460.23,3451.91,3453.81,3378.43,3421.65,3870.68,3908.16,3941.87,3661.03,3777.7,3770.86,4028.11,3983.95,4088.05,3449.22,3494.53,3596.95,3591.82,3580.78,3593.86,3622.15,3435.84,3560.68,3573.11,3540.2,3523.62,3394.71,3410.46,3476.25,3605.3,3411.08,3420.86,3434.11,3440.65,3399.96,3499.71,3479.78,3581.68,3547.65,3577.68,3508.65,3427.3,3528.16,3697.76,3676.05,3676.91,3425.73,3483.7,3599.53,3646.2,3599.76,3532.78,3688.92,3539.39,3560.75,3481.11,3552.41,3523.49,3379.05,3404.79,3447.78,3559.09,3450.65,3445.15,3445.28,3481.4,3454.77,3502.45,3433.98,3447.7,3457.9,3375.17,3437.56,3438.51,3488.91,3544.99,3562.87,3543.73,3456.87,3566.17,3529.93,3511,3515.92,3553.74,3636.69,3494.63,3530.42,3534.17,3437.55,3486.19,3416.24,3258.53,3389.1,3483.05,3398.04,3485.91,3390.71,3501.64,3465.18,3492.65,3380.27,3358.68,3377.64,3407.34,3387.15,3373.45,3435.33,3434.14,3475.96,3469.45,3496.78,3543.06,3570.59,3534.78,3653.53,3517.47,3607.1,3506.05,3498.78,3440.63,3404.54,3413.99,3476.87,3460.21,3440.61,3609.92,3656.18,3601.79,3640.33,3559.51,3583.1,3536.39,3540.8,3502.7,3445.71,3453.53,3426.87,3452.15,3596.57,3635.46,3614.65,3640.68,3649.11,3478.74,3522.31,3536.16,3507.03,3483.98,3447.91,3403.92,3428.63,3447.25,3555.9,3590.44,3661.37,3537.38,3518.69,3490.94,3489.34,3402.96,3439.67,3404.34,3421.67,3405.54,3267.07,3295.76,3304.35,3322.89
18,3374.78,3441.36,3388.97,3420,3389.47,3405.31,3370.31,4161.12,4157.73,4131.33,4092.74,3908.56,4128.92,4221.42,4279.18,4210.64,3386.79,3616.3,3624.91,3543.19,3592.89,3598.67,3649.16,3509.64,3627.83,3503.92,3651.12,3601.39,3474.97,3475.82,3529.7,3532.12,3432.47,3411.88,3454.95,3448.71,3453.36,3374.75,3423.91,3972.02,4002.36,4049.44,3746.82,3865.39,3862.57,4140.88,4092.42,4201.67,3444.74,3494.81,3596.18,3592.99,3577.9,3593.82,3620.78,3433.25,3558.61,3570.28,3539.02,3522.15,3397.11,3408.13,3478.48,3601.71,3412.75,3420.59,3443.29,3444.67,3400.37,3500.22,3480.74,3663.98,3634.51,3661.89,3562.69,3480.82,3586.76,3783.21,3760.86,3767.32,3423.04,3482.21,3594.58,3640.53,3600.32,3533.35,3684.41,3541.76,3557.76,3483.67,3550.15,3524.04,3375.64,3400.48,3445.9,3556.11,3448.84,3444.7,3445.32,3477.95,3460.74,3503.96,3432.35,3498.54,3514.06,3426.33,3471.69,3475.54,3527.6,3596.5,3619.88,3602.07,3455.96,3562.86,3530.19,3508.92,3512.93,3552.5,3640.19,3496.11,3531.34,3536.71,3431.91,3481.36,3410.98,3257.63,3392.44,3482.09,3395.98,3484.75,3376.94,3497.03,3463.95,3487.84,3376.34,3371.57,3396.46,3423.31,3394.48,3382.21,3440.2,3446.78,3493.27,3482.02,3501.78,3544.95,3574.56,3534.05,3653.06,3515.44,3603.53,3505.05,3496.23,3438.42,3400.95,3412.17,3476.69,3459.67,3443.93,3610.99,3659.44,3599.4,3640.18,3557.53,3582.23,3533.19,3539.07,3500.05,3445.97,3450.69,3423.73,3447.74,3599.71,3634.87,3613.3,3641.22,3643.7,3476.45,3520.95,3528.51,3508.64,3484.88,3450.9,3399.15,3423.85,3444.97,3550.29,3583.3,3663.37,3534.1,3523.82,3493.25,3488.1,3399.44,3437.76,3402.41,3415.68,3408.28,3264,3294.46,3297.93,3321.56
19,3379.21,3436.86,3385.73,3421.86,3389.93,3404.24,3373.2,4254.11,4253.32,4224.81,4180.59,3984.14,4224.25,4313.73,4379.58,4302.06,3387.46,3612.16,3627.61,3540.05,3585.22,3597.65,3652.83,3530.82,3645.94,3520.95,3655.13,3609.42,3480.25,3486.18,3549.87,3544.04,3427.03,3413.8,3457.35,3447.33,3454.88,3376.06,3424.9,4070.72,4104.63,4147.99,3829.83,3960.21,3952.86,4245.6,4192.48,4321.71,3452.3,3497.12,3594.33,3591.81,3579.18,3592.09,3625.96,3437.97,3563.62,3572.99,3540.79,3528.03,3399.03,3417.99,3480.74,3607.06,3412.22,3419.68,3439.51,3442.32,3399.03,3497.11,3476.93,3755.22,3723.95,3753.7,3636.44,3541.52,3662.97,3889.1,3855.21,3862.66,3421.23,3485.53,3599.88,3643,3604.67,3535.2,3690.04,3548,3560.29,3487.26,3550.84,3527.59,3380.63,3405.35,3443.75,3557.84,3448.49,3444.32,3442.18,3477.63,3454.15,3502.27,3434.18,3574.11,3587.39,3494.42,3519.63,3525.8,3579.47,3683.27,3700.45,3682.66,3459.13,3569.43,3530.6,3510.4,3514.73,3555.3,3641.09,3499.81,3528.66,3530.5,3434.51,3485.65,3412.7,3260.97,3391.1,3485.54,3396.88,3483.67,3374.31,3498.26,3463.56,3486.85,3376.73,3399.11,3424.3,3454.96,3410.66,3396.53,3461.9,3470.09,3518.77,3510.94,3499.22,3542.6,3573.32,3532.94,3650.14,3520.08,3605.17,3505.13,3500.7,3442.38,3399.52,3412.27,3478.7,3463.37,3441.34,3609.98,3658.01,3599.37,3633.14,3561.22,3586.38,3529.67,3534.09,3501.04,3445.94,3454.45,3425.3,3455.14,3596.89,3636.13,3612.9,3639.17,3648.15,3482.28,3521.63,3524.45,3505.81,3480.8,3447.17,3402.39,3426.79,3441.98,3555.12,3586.45,3661.95,3533.03,3520.04,3493.03,3487.53,3401.45,3434.92,3405.11,3419.58,3404.49,3266.17,3295.78,3304.22,3323.04
20,3377.55,3444.39,3390.94,3426.2,3393.87,3403.21,3377.55,4333.76,4331.84,4305.33,4257,4059.87,4320.25,4405.52,4472.54,4393.79,3384.31,3617.82,3626.97,3545.44,3594.89,3594.22,3649.75,3561.14,3686.8,3551.42,3673.34,3629.23,3495.09,3506.47,3573.52,3569.61,3434.23,3413.97,3461.75,3448.22,3453.58,3376.96,3423.95,4157.94,4193.82,4241.5,3909.49,4046.16,4036.57,4346.56,4290.11,4431.53,3445.79,3495.86,3597.93,3593.88,3577.76,3591.85,3622.48,3449.04,3571.42,3578.8,3545.04,3533.03,3399.06,3422.47,3489.03,3613.03,3414.17,3419.9,3440.58,3440.99,3401.74,3498.42,3483.24,3861.35,3820.72,3854.19,3721.32,3619.66,3753.42,3988.62,3961.16,3973.63,3422.73,3483.2,3593.5,3640.37,3600.76,3532.63,3691.25,3548.57,3565.68,3484.11,3555.15,3528.76,3380.61,3410.95,3449.24,3562.42,3449.38,3449.77,3444.2,3479.98,3460.83,3502.88,3433.79,3666.41,3681.77,3577.86,3586.86,3596.59,3656.47,3771.97,3796.73,3778.33,3457.74,3567.31,3530.71,3507.92,3512.69,3549.59,3637.38,3498.12,3530.74,3529.04,3436.69,3485.11,3415.2,3259.7,3394.37,3486.09,3396.91,3489.49,3375.78,3499.83,3463.46,3490.96,3380.92,3446.27,3470.57,3503.44,3437.5,3419.6,3487.25,3513.19,3559.6,3554.35,3500.7,3546.18,3575.53,3538.05,3654.07,3520.67,3607.79,3501,3495.95,3436.34,3399.45,3414.82,3475.45,3460.41,3441.31,3613.88,3663.16,3601.72,3639.68,3559.85,3587.16,3529.85,3540.62,3500.51,3443.78,3453.61,3423.95,3449.21,3599.17,3639.6,3614.9,3646.07,3645.63,3479.45,3519.57,3525.08,3507.49,3480.1,3444.44,3402.82,3427.38,3446.29,3558.66,3588.61,3665.05,3538.93,3524.6,3494.77,3489.94,3403.69,3432.81,3405.14,3420.55,3409.4,3266.98,3296.81,3305.17,3323.82
21,3377.49,3441.03,3386.79,3424.55,3392.27,3403.7,3379.23,4409.95,4401.9,4380.98,4335.63,4126.71,4400.59,4495.16,4559.25,4475.2,3386.79,3618.76,3625.56,3545.93,3595.18,3600.51,3653.06,3611.28,3735.86,3596.6,3701.69,3657.88,3519.54,3543.2,3621.45,3614.28,3435.48,3413.02,3458.12,3448.02,3453.51,3374.38,3423.72,4235.98,4277.3,4332.92,3982.63,4122.26,4121.95,4439.42,4379.85,4531.58,3450.33,3497.93,3598.17,3595.36,3581.23,3594.01,3620.62,3455.12,3583.76,3589.61,3549.21,3533.67,3405.43,3426.39,3497.79,3621.19,3411.19,3424.37,3442.81,3446.03,3398.24,3493.97,3478.3,3953.06,3914.07,3952.23,3810.1,3700.38,3845.93,4100.05,4066.37,4078.66,3424.32,3487.28,3595.48,3639.53,3602.62,3535.82,3691.03,3555.88,3572,3492.64,3556.87,3533.8,3381.72,3411.99,3452.61,3562.92,3451.44,3446.27,3452.2,3478.81,3456.74,3504.03,3434.83,3764.25,3774.88,3669.19,3665.25,3677.65,3747.76,3875.69,3901.29,3878.6,3457.48,3564.62,3531.54,3507.31,3510.45,3552.78,3641.18,3498.17,3533.62,3538.21,3436.99,3482.78,3415.36,3258.72,3394.63,3483.17,3393.34,3487.55,3374.95,3497.17,3463.88,3490.69,3380.07,3512.15,3541.39,3575.7,3478.21,3458.43,3529.3,3577.82,3624,3622.54,3501.88,3541.83,3571.5,3536.03,3658.28,3519.47,3602.94,3500.97,3496.25,3438.79,3398.19,3413.78,3477.53,3460.38,3442.55,3608.59,3661.12,3602.54,3638.13,3563.16,3587.13,3531.81,3534.8,3497.1,3444.04,3451.42,3421.02,3447.02,3602.38,3640.89,3617.39,3636.99,3648.04,3474.28,3520.52,3526.85,3504.75,3479.42,3445.43,3404.89,3422.57,3442.41,3557.35,3581.36,3658.18,3537.87,3519.66,3490.94,3490.17,3402.25,3435.51,3406.95,3417.72,3407.28,3263.56,3296.13,3303.44,3319.96
22,3374.31,3437.5,3389.93,3425.8,3393.67,3409.02,3374.4,4484.41,4473.55,4455.19,4409.68,4189.88,4474.89,4569.38,4636.04,4553.35,3385.3,3620.13,3625.67,3547.13,3588.99,3600.61,3651.83,3683.9,3816.35,3669.7,3753.09,3703.95,3559.46,3606.34,3680.87,3679.17,3441.18,3417.24,3460.61,3453.09,3457.52,3377.34,3426.46,4317.51,4358.6,4413.63,4051.33,4199.38,4199.02,4525.19,4473.36,4642.16,3448.93,3498.7,3600.01,3589.08,3577.7,3592.93,3625.19,3481.55,3609.31,3608.86,3562.33,3547.47,3418.8,3449.31,3520.6,3648.97,3413.32,3424.97,3439.25,3447.37,3403.08,3497.57,3479.69,4046.34,4005.68,4039.49,3898.32,3777.22,3939.18,4222.13,4170.8,4180.62,3419.89,3490.04,3595.19,3639.55,3599.31,3534.87,3688.53,3574.13,3590.11,3509.02,3563.74,3537.86,3390.52,3423.63,3464.43,3581.62,3449.18,3444.59,3446.72,3480.82,3458.2,3504.34,3436.37,3853.83,3871.97,3753.72,3751.14,3761.15,3842.58,3982.14,4005.02,3978.73,3454.51,3566.46,3529.91,3509.08,3516.36,3557.25,3644.1,3500.27,3536.03,3538.38,3440.46,3487.65,3416.23,3263.37,3396.41,3490.16,3395.9,3489.77,3378.69,3499.24,3463.77,3488.78,3381.17,3588.6,3621.05,3664.08,3531.85,3514.78,3589.21,3658.08,3711.27,3708.18,3499.24,3547.56,3573.94,3536.19,3655.73,3519.97,3607.4,3508.2,3503.96,3439.33,3400.68,3419.25,3480.11,3462.34,3441.82,3613.79,3661.28,3601.16,3642.17,3559.89,3587.46,3533.53,3539.69,3501.5,3445.4,3456.35,3424.43,3447.69,3599.46,3637.51,3617.52,3639.1,3646.82,3477.71,3527.27,3526.35,3506.21,3486.14,3447.51,3400.78,3424.87,3447.82,3554.65,3583.82,3663.92,3534.26,3525.26,3494.58,3490.17,3398.58,3433.93,3405.53,3417.78,3403.33,3265.58,3297.22,3301.3,3320.41
23,3375.93,3444.99,3388.77,3435.18,3395.58,3414.81,3383.49,4541.4,4532.82,4517.43,4477.73,4252.67,4555.69,4644.38,4709.7,4625.1,3387.13,3621.03,3626.84,3550.78,3592.24,3602.13,3655.26,3775.13,3920.66,3757.53,3817.99,3765.78,3617.37,3682.55,3767.38,3763.84,3439.08,3415.6,3460.05,3457.9,3454.72,3378.87,3430.21,4383.48,4437.38,4489.56,4118.81,4276.85,4267,4604.67,4557.75,4728.31,3450.3,3501.09,3599.95,3591.25,3576.04,3594.42,3622.62,3521.69,3654.14,3647.82,3578.27,3564.79,3431.45,3477.7,3553.02,3693.27,3418.41,3425.19,3444.86,3448.33,3402.19,3503.75,3486.55,4133.01,4085.36,4126.6,3980.46,3857.07,4026.65,4287.97,4265.98,4279.48,3423.93,3486.02,3596.48,3642.11,3604.84,3536.08,3695.26,3595.03,3612.42,3530.34,3574.83,3550.19,3393.72,3439.24,3484.45,3601.64,3453.59,3449.2,3449.32,3477.59,3462.33,3504.69,3436.1,3943.28,3962.81,3836.01,3839.79,3851.58,3939.97,4076.14,4100.4,4080.69,3460.62,3573.03,3532.16,3511.96,3516.65,3559.66,3644.67,3510.45,3544.65,3547.9,3439.02,3493.35,3418.69,3270.34,3406.33,3500.15,3399.77,3490.65,3379.44,3502.46,3467.18,3490.84,3377.86,3676.28,3714.79,3759.04,3608.66,3591.73,3671.03,3751.06,3806.17,3798.43,3497.04,3543.92,3575.02,3538.27,3654.12,3516.69,3607.17,3512.72,3509,3440.17,3407.32,3418.76,3483.34,3465,3444.49,3611.32,3660.73,3600.7,3641.21,3563.65,3587.68,3536.62,3547.29,3502.04,3450.08,3458.09,3428.23,3448.52,3604.51,3642.93,3613.39,3641.14,3650.77,3481.06,3522.05,3530.07,3511.3,3484.43,3448.23,3403.33,3428.47,3448.54,3558.81,3589.31,3670.14,3539.31,3518.71,3490.95,3489.8,3401.03,3435.93,3405.97,3416.61,3404.45,3264.4,3299.65,3305.34,3323.08
24,3378.73,3449.57,3396.09,3436.57,3402.83,3417.7,3392.51,4603.93,4593.8,4576.49,4544.42,4308.65,4619.89,4708.42,4781.38,4689.08,3386.19,3621.58,3626.97,3547.66,3594.41,3601.53,3656.33,3871.56,4030.97,3852.1,3906.38,3849.89,3691.41,3768.87,3863.03,3858.49,3441.86,3425.54,3465.61,3464.42,3475.99,3387.1,3441.95,4449.9,4503.55,4559.59,4177.02,4340.98,4336.92,4681.17,4625.65,4811.28,3451.94,3500.79,3596.84,3596.47,3579.06,3594.54,3629.21,3575.55,3722.7,3702.66,3607.38,3596.88,3461.09,3525.4,3604.98,3751.6,3422.17,3433.09,3450.09,3450.79,3406.49,3509.42,3486.91,4207.79,4157.01,4201.91,4060.86,3922.92,4106.07,4387.09,4355.08,4376.39,3425.78,3484.76,3597.84,3640.08,3597.68,3535.56,3690.18,3636.55,3659.66,3568.05,3590.03,3567.45,3412.46,3471.14,3520.47,3640,3461.52,3452.92,3457.28,3485.05,3462.97,3513.88,3438.5,4022.84,4042.57,3906.94,3920.37,3933.65,4020.1,4171.64,4202.13,4175.72,3454.4,3565.38,3534.58,3512.33,3512.76,3556.7,3642.72,3522.55,3557.48,3558.86,3441.26,3496.31,3425.82,3279.14,3412.08,3504.13,3400.38,3494.91,3383.9,3507.64,3474.08,3502.61,3382.5,3764.55,3808.45,3855.06,3685.73,3672.07,3764,3851.78,3901.19,3896.72,3497.97,3540.27,3573.96,3534.99,3654.69,3516.76,3606.75,3514.32,3518.51,3445.78,3412.8,3421.47,3491.37,3468.84,3443.98,3610.86,3663.63,3601.93,3638.49,3564.77,3587.62,3541.15,3551.16,3512.33,3460.03,3461.36,3432.02,3453.57,3603.18,3641.29,3617.88,3645.79,3648.79,3481.76,3526.43,3532.42,3521.4,3490.09,3457.88,3405.8,3431.58,3455.48,3553.71,3588.34,3665.18,3536.97,3522.02,3494.78,3490.44,3401.17,3435.36,3401.75,3421.72,3406.02,3267.79,3300.07,3305.63,3321.25
25,3377.74,3462.81,3400.36,3446.87,3413.34,3421.33,3403.99,4652,4641.28,4625.11,4585.64,4354.29,4681.25,4769.11,4838.92,4751.36,3388.19,3618.51,3625.98,3549.32,3596.34,3603.16,3658.04,3971.21,4145.5,3951.19,4007.04,3946.57,3771.34,3856.87,3955.64,3959.57,3449.39,3430.05,3469.2,3479.44,3479.57,3395.18,3460.29,4503.37,4562.63,4618.62,4237.66,4398.32,4398.08,4751.57,4691.41,4887.11,3453.58,3498.06,3600.24,3593.19,3577,3590.23,3625.08,3652.53,3814.98,3777.99,3657.61,3643.81,3501.72,3595.38,3684.07,3831.74,3427.21,3442.09,3452.32,3465.63,3414.68,3516.01,3501.47,4280.25,4232.54,4278.34,4134.6,3992.34,4182.72,4474.89,4446.32,4463.96,3423.58,3483.97,3595.81,3640.41,3597.8,3535.61,3691.84,3703.67,3726.73,3627.71,3619.31,3597.58,3431.47,3525.28,3575.37,3693.34,3462.2,3456.82,3461.89,3485.81,3473.39,3526.5,3443.8,4097.27,4119.67,3977.88,4001.23,4014.95,4113.86,4263.16,4292.09,4269.82,3457.28,3565.35,3533.66,3510.21,3514.98,3553.25,3638.18,3540.38,3575.75,3579.93,3450.43,3503.41,3429.52,3286.23,3427.48,3513.85,3412.03,3500.87,3387.69,3518.48,3485.4,3510.72,3388.81,3847.76,3895.01,3942.62,3774.17,3760.34,3853.11,3941.47,3995.01,3988.12,3501.22,3544.04,3577.02,3534.25,3651.87,3518.57,3609.11,3520.16,3535.02,3451.96,3414.05,3426.9,3503.93,3479.22,3449.4,3616.07,3662,3602.79,3640.91,3560.44,3587.3,3549.18,3563.47,3513.99,3462.22,3474.9,3439.17,3460.07,3603.91,3644.65,3611.55,3644.16,3646.54,3477.37,3522.57,3543.8,3529.85,3499.07,3459.34,3418.02,3440.34,3467.09,3556.64,3587.39,3670.44,3537.64,3521.93,3495.2,3488.24,3400.19,3435.74,3402.47,3416.47,3408.45,3263.48,3295.24,3303.67,3319.89
26,3390.86,3482.78,3420.98,3465.35,3430.16,3442.9,3439.72,4704.1,4686.55,4669.47,4647.11,4403.43,4739.7,4820.32,4892.37,4804.21,3383.87,3617,3624.4,3549.61,3593.1,3603.24,3654.52,4062.61,4256.12,4046.84,4114.61,4046.84,3870.84,3944.2,4056.84,4053.5,3467.74,3446.5,3485.66,3502.25,3499.25,3424.23,3490.9,4556,4615.94,4670.52,4289.58,4457.03,4458.09,4812.46,4757.95,4952.21,3451.24,3498.79,3602.74,3594.16,3579.21,3593.44,3628.99,3746.99,3917.29,3871.07,3725.29,3712.9,3562.32,3677.65,3773.21,3928.52,3449.03,3450.71,3471.18,3487.61,3427.98,3539.35,3522.92,4342.78,4299.43,4342.18,4202.21,4055.03,4261.05,4550.97,4525.23,4546.11,3427.4,3488.89,3597.13,3647.6,3603.88,3540.09,3696.01,3800.15,3815.16,3708.93,3669.59,3644.47,3472.53,3590.37,3646.25,3772.93,3473.25,3468.53,3483.84,3493.01,3490.21,3541.12,3453.09,4171.85,4191.58,4045.99,4071.34,4087.62,4195.44,4344.37,4379.42,4350.5,3460.99,3566.9,3535.31,3509.71,3516.34,3553.96,3637.91,3572.96,3611.83,3615.75,3467.67,3517.27,3442.94,3305.49,3448.92,3542.31,3417.82,3514.16,3400.36,3538.98,3500.67,3530.38,3400,3928.98,3976.16,4026.82,3855.58,3841.57,3939.43,4033.07,4097.69,4087.31,3495.24,3544.79,3577.88,3531.33,3652.57,3514.14,3607.45,3536.79,3559.3,3463.5,3426.98,3443.85,3527.52,3486.01,3441.96,3614.54,3660.24,3602.82,3642.22,3563.37,3590.82,3564.82,3587.78,3538.63,3487.9,3500.12,3455.89,3476.51,3599.55,3636.13,3615.9,3644.11,3644.28,3479.53,3520.85,3558.46,3555.01,3519.44,3473.37,3432.62,3466.57,3488.02,3558.15,3588.81,3669.74,3536.4,3524.86,3496.79,3490.41,3401.29,3436.81,3404.37,3418.76,3405.61,3270.65,3294.83,3303.77,3318.8
27,3404.9,3512.2,3449.59,3503.14,3464.16,3466.59,3482.75,4748.01,4729.82,4717.45,4692.17,4444.78,4793.09,4871.27,4941.94,4853.65,3386.17,3615.85,3621.89,3549.49,3593.08,3598.61,3657.66,4156.05,4353.03,4133.7,4214.62,4142.26,3955.21,4034.15,4146.79,4149.37,3489.21,3471.18,3500.38,3542.08,3528.08,3457.81,3544.33,4603.63,4668.71,4720.25,4344.05,4511.14,4519.68,4871.83,4819.29,5021.11,3458.51,3496.03,3599.85,3595,3579.57,3593.13,3629.14,3842.52,4031.38,3974.51,3810.92,3793.24,3642.05,3761.92,3870.42,4036.63,3485.41,3478.1,3501.62,3524.26,3456.22,3572.13,3553.21,4411.05,4358.48,4405.34,4274.1,4113.74,4327.04,4628.76,4600.7,4612.28,3424.59,3490.19,3598.28,3642.76,3607.05,3533.03,3692.6,3904.63,3930.06,3802.64,3742.64,3717.25,3535.6,3670.94,3731.89,3867.53,3505.93,3484.07,3517.62,3511.32,3513.37,3575.86,3462.57,4233.46,4259.97,4104.06,4139.77,4159.04,4275.15,4426.95,4456.51,4435.09,3454.4,3566.12,3535.89,3511.23,3513.22,3558.68,3644.09,3632.31,3670.88,3674.77,3488.16,3544.1,3464.71,3348.64,3495.04,3589.85,3448.72,3547.25,3425.95,3570.05,3539.09,3568.9,3422.08,4003.99,4054.01,4106.49,3940.7,3924.07,4031.19,4122.74,4194.64,4174.88,3499.68,3545.27,3573.33,3535.07,3654.42,3517.61,3608.72,3567.39,3608.13,3493.6,3445.41,3464.95,3560.93,3514.23,3443.57,3612.29,3660.14,3601.68,3641.84,3564.67,3592.62,3590.89,3618.84,3568.68,3513.18,3537.01,3482.14,3496.64,3604.24,3637.4,3614.32,3638.43,3646.66,3480.43,3521.86,3584.84,3581.12,3561.88,3501.33,3460.4,3504.39,3531.93,3552.41,3586.96,3671.67,3536.39,3525.17,3492.42,3493.71,3400.55,3432.79,3404.96,3419.96,3407.33,3267.36,3291.74,3307.68,3319.76
28,3430.52,3566.26,3497.01,3556.32,3509.07,3514.56,3541.81,4782.22,4770.91,4752.38,4729.76,4485.38,4839.06,4917.52,4987.05,4899.16,3386.37,3623.19,3626.32,3550.57,3594.19,3604.29,3659.6,4234.81,4448.42,4209.81,4313.36,4241.89,4044.58,4108.7,4239.42,4233.33,3525.51,3513.64,3538.71,3606.94,3579.59,3509.51,3613.24,4646.25,4710.16,4767.02,4383.59,4561.46,4560.36,4921.67,4869.36,5077.29,3456.84,3497.95,3598.8,3592.96,3582.75,3596.45,3629.82,3934.46,4137.28,4065.82,3902.93,3883.7,3722.42,3846.36,3964.7,4138.8,3533.4,3516.22,3545.07,3577.78,3492.95,3626.15,3615.75,4469.24,4409.32,4459.64,4330.14,4165.63,4384.22,4693.91,4668.57,4683.71,3425.83,3491.87,3599.95,3647.51,3606.68,3538.48,3697.6,4015.46,4041.05,3900.45,3826.56,3800.63,3606.91,3759.58,3830.13,3965.15,3547.52,3519.18,3565.51,3532.64,3563.73,3633.47,3493.04,4291.76,4324.07,4161.9,4207.48,4225.34,4346.12,4497.26,4531.65,4509.4,3460.15,3566.4,3537.31,3511.89,3514.66,3560.04,3643.98,3708.12,3758.76,3755.79,3522.99,3575.77,3499.49,3395.05,3557.26,3652,3479.24,3585.87,3459.44,3620.77,3585.39,3623.9,3453.48,4065.24,4127.03,4187.5,4010.68,3992.67,4111.78,4203.57,4273.48,4256.07,3506.41,3549.62,3580.22,3536.39,3660.79,3522.16,3610.23,3614.17,3680.26,3533.12,3468.94,3503.85,3621.8,3556.3,3445.45,3614.06,3666.96,3600.07,3644.35,3564.63,3587.55,3636.45,3674.55,3613.75,3565.87,3596.13,3526.4,3539.57,3601.65,3635.16,3614.56,3643.69,3649.77,3480.32,3522.69,3629.4,3637.15,3613.66,3549.15,3497.51,3557.63,3586.11,3559.22,3594.35,3674.49,3541.57,3527.61,3502.24,3495.77,3400.52,3434.38,3402.21,3418.62,3411.81,3269.33,3295.68,3306.15,3321.7
29,3467.48,3628.85,3554.13,3616.1,3568.76,3573.98,3616.94,4813.29,4799.11,4782.7,4769.91,4521.07,4886.79,4959.19,5031.24,4934.8,3384.27,3624.06,3631.18,3556.14,3598.35,3605.12,3662.92,4315.29,4542.13,4285.45,4409.73,4335.01,4121.38,4187.44,4318.99,4315.19,3585.93,3578.63,3586.66,3685.42,3650.77,3573.36,3695.68,4684.51,4753.61,4802.01,4428.66,4598.9,4606.87,4974.62,4918.48,5128.16,3460.77,3500.01,3605.06,3599.15,3591.48,3597.78,3633.22,4020.22,4239.72,4165.9,4000.68,3979.42,3805.48,3935.71,4060.74,4236.94,3602.65,3573.22,3605.96,3650.22,3555.54,3698.91,3688.02,4522.88,4460.48,4511.69,4390.64,4221.72,4454.85,4764.06,4731.11,4752.03,3430.56,3494.69,3599.83,3647.09,3607.99,3538.28,3698.01,4126.25,4150.32,4003.92,3918.71,3897.79,3694.73,3842.49,3924.12,4069.9,3613.91,3571.38,3639.03,3572.56,3618.56,3705.77,3541.78,4351.11,4379.11,4210.91,4263.09,4285.83,4413.06,4562.6,4600.96,4571.55,3457.63,3568.81,3542.44,3510.74,3518.23,3560.67,3643.33,3804.05,3861.61,3854.94,3579.31,3640.05,3553.67,3461.49,3634.76,3740.26,3539.67,3651.64,3515.94,3689.32,3657.36,3693.15,3511.01,4133.75,4198.57,4254.36,4078.26,4066.28,4187.7,4278,4350.49,4336.03,3501.97,3547.49,3579.86,3540.11,3660.84,3523.81,3608.88,3670.59,3763.26,3589.97,3517.84,3561.94,3698.3,3616.41,3451.27,3620.99,3663.99,3606,3643.36,3569.01,3593.76,3699.38,3746.18,3678.05,3631.62,3667.25,3587.13,3601.47,3605.48,3642.97,3619.09,3642.8,3646.89,3480.62,3525.72,3689.07,3709.18,3690.33,3609.4,3558.49,3630.12,3658.53,3561.33,3589.73,3675.02,3540.76,3524.42,3498.55,3493.05,3401.33,3441.77,3408.57,3422.85,3411.33,3266.13,3294.14,3305.83,3320.76
30,3529.79,3708.13,3626.73,3699.16,3649.22,3652.1,3693.2,4844.43,4830.8,4817.48,4810.03,4552.27,4917.88,4992.04,5064.67,4973.03,3387.81,3627.64,3627.59,3557.31,3596.42,3604.71,3662.2,4389.39,4621.27,4361.4,4495.12,4422.55,4196.61,4251.65,4397.75,4387.21,3657.33,3649.81,3656.15,3766.78,3727.15,3646.48,3784.49,4713.72,4788.4,4842.6,4463.52,4638.24,4650.33,5014.35,4957.86,5168.35,3457.24,3502.53,3602.73,3598.91,3583.93,3602.56,3635.53,4102.63,4333.73,4257.76,4090.5,4066.79,3890.94,4011.64,4148.52,4334.37,3684.2,3644.87,3689.66,3734.81,3630.74,3788.36,3780.11,4563.34,4505.84,4552.73,4445.04,4265.37,4504.13,4823.01,4791.6,4802.99,3427.36,3492.62,3605.83,3648.65,3608.11,3538.76,3702.34,4226.91,4247.18,4092.28,4020.94,3993.89,3776.14,3929.03,4011.18,4165.19,3691.88,3642.08,3716.64,3635.63,3703.78,3794.45,3607.73,4399.37,4427.75,4258.54,4325.12,4341.02,4478.62,4625.32,4667.88,4636.56,3461.57,3571.88,3541.69,3512.62,3521.53,3563.76,3645.65,3902.69,3968.69,3961.36,3653.05,3715.07,3623.31,3533.04,3723.11,3829.4,3603.85,3726.2,3583.96,3774.5,3745.5,3780.82,3580.87,4187.67,4258.77,4320.94,4148.21,4130.31,4254.11,4346.16,4426.25,4406.89,3504.71,3551.16,3578.57,3543.05,3659.22,3525.9,3613.08,3754.3,3859.37,3662.77,3582.15,3635.49,3786.9,3689.31,3452.52,3622.9,3666.31,3603.48,3645.67,3565.48,3594.28,3781.79,3831.82,3765.16,3712.26,3751.2,3658.04,3667.97,3606.31,3643.92,3616.96,3646.7,3650.37,3479.06,3524.69,3777.04,3804.99,3783.16,3682.27,3632.9,3716.85,3747.2,3561.28,3589.62,3674.11,3540.92,3526.8,3499.55,3495.72,3404.93,3431.08,3407.86,3416.96,3412.8,3267.73,3294.71,3302.2,3321.82
31,3605.1,3785.43,3702.94,3777.04,3730.89,3736.22,3767.57,4870.74,4853.67,4841.43,4836.44,4581.98,4955.24,5027.56,5101.33,5001.51,3392.93,3630.96,3635.55,3560.66,3599.53,3607.41,3666.78,4457.72,4698.34,4425.39,4581.82,4501.55,4270.26,4320.12,4470.4,4460.93,3743.15,3730.11,3738.09,3848.87,3812.89,3720,3865.25,4745.37,4818.15,4875.62,4497.04,4678.55,4681.88,5054.48,4993.95,5212.88,3461.43,3500.97,3601.84,3601.94,3589.49,3602.13,3638.1,4179.11,4431.13,4339.96,4178.58,4152.25,3971.3,4086.61,4228.34,4427.06,3770.51,3727.66,3778.28,3821.27,3717.31,3881.69,3871.83,4604.9,4549.62,4596.08,4490.46,4310.92,4553.59,4870.46,4844.06,4857.58,3430.34,3494.23,3601.1,3650.55,3605.58,3542.14,3705.97,4324.1,4346.69,4177.5,4113.15,4088.47,3859.65,4011.5,4095.67,4268.59,3779.14,3728.3,3804.94,3718.67,3787.59,3881.08,3686.53,4439.32,4474.01,4299.97,4370.57,4395.08,4530.15,4673.2,4718.06,4693.16,3462.76,3574.96,3540.46,3513.53,3521.86,3558.86,3647.02,4004.5,4078.86,4067.46,3738.14,3809.72,3708.87,3608.21,3811.77,3928.16,3687.64,3815.88,3666,3867.32,3830.65,3870.67,3659.3,4239.93,4314.4,4372.02,4211.08,4196.57,4325.83,4411.16,4488.96,4475.26,3501.94,3549.83,3580.64,3544.2,3662.19,3523.2,3615.9,3841.75,3954.64,3745.43,3656.96,3723.02,3874.91,3777.18,3452.85,3623.23,3666.93,3606.23,3645.58,3569.81,3593.38,3867.4,3919.23,3854.47,3797.62,3838.56,3738.69,3758.92,3606.31,3644.59,3620.89,3651.66,3655.35,3484.54,3529.85,3860.36,3892.63,3872.84,3768.41,3707.42,3794.57,3826.18,3565.15,3597.7,3676.21,3544.08,3531.88,3506.51,3497.9,3402.89,3432.6,3407.97,3416.99,3411.71,3268.55,3293.49,3304.21,3317.15
32,3683.74,3865.44,3778.62,3859.24,3811.26,3819.04,3838.45,4898.01,4880.12,4869.89,4865.28,4609.73,4983.04,5056.73,5128.87,5043.3,3391.72,3628.39,3637.56,3563.74,3607.78,3618.07,3668.84,4514.45,4766.8,4484.57,4657.83,4582.19,4342.46,4384.39,4528.41,4525.62,3826.21,3809.5,3819.37,3933.58,3905.03,3791.9,3948.87,4776.03,4850.47,4906.91,4530.47,4706.61,4713.89,5082.63,5029.02,5250.62,3468.87,3508.36,3607.17,3606.34,3593.46,3608.17,3646.4,4254.51,4513.23,4424.94,4260.27,4233.76,4043.05,4158.58,4310.55,4518.04,3848.6,3804.39,3859.45,3896.37,3793.77,3972.94,3960.26,4638.23,4581.6,4635.73,4535.58,4346.58,4599.96,4917.26,4887.29,4907.02,3435.97,3497.2,3606.17,3656.62,3611.19,3543.31,3708.23,4414.75,4441.49,4261.54,4207.45,4181.33,3936.25,4084.89,4182.01,4356.22,3862.45,3822.79,3887.63,3801.67,3875.67,3976.84,3765.85,4480.07,4515.95,4331.54,4419.99,4444.59,4587.45,4721.48,4773.16,4751.36,3464.47,3571.55,3544.64,3516.06,3520.23,3566.84,3647.35,4100.05,4182.82,4170.32,3829.53,3901.51,3797.08,3683.4,3899.16,4023.31,3768.09,3906.98,3751.05,3958.17,3920.94,3960.44,3742.3,4292.06,4366.39,4425.29,4263.17,4248.95,4389.19,4469.3,4553.54,4531.44,3511.93,3555.15,3587.59,3549.7,3668.23,3533.62,3619.67,3931.49,4042.31,3831.94,3733,3800.19,3963.96,3862.05,3455.55,3629.54,3671,3609.37,3655.01,3576.84,3593.39,3955.44,3994.6,3944.63,3880.53,3924.63,3814,3840.46,3609.07,3654.12,3623.96,3655.11,3662.45,3485.4,3532.85,3961.1,3985.06,3961.9,3853.05,3794.16,3879.01,3907.79,3569.01,3601.53,3680.52,3543.77,3527.21,3508.9,3502.3,3404.4,3434.44,3405.35,3419.85,3409.73,3270.7,3294.33,3305.46,3324.46
33,3760.92,3953.29,3852.09,3929.8,3886.71,3902.52,3911.9,4918.85,4897.3,4893.06,4889.98,4641.17,5019.01,5077.55,5156.54,5075.77,3395.95,3635.77,3641.34,3569.65,3618.43,3626.97,3684.79,4567.52,4829.68,4537.43,4725.66,4656.4,4404.26,4440.15,4598.05,4589.28,3911.27,3891.06,3903.65,4014.18,3977.73,3872.14,4032.63,4800.88,4876.78,4929.91,4551.3,4737.98,4748.93,5117.96,5059.22,5278.63,3466.57,3511.29,3609.61,3612.32,3595.43,3616.23,3654.18,4322.61,4590.23,4506.98,4349.64,4319.95,4116.69,4224.83,4395.47,4599.7,3930.85,3887.13,3949.42,3979.42,3874.6,4066.55,4051.18,4671.83,4614.02,4669.13,4571.39,4379.45,4639,4960.86,4928.41,4948.4,3438,3503.44,3611.13,3661.74,3614.19,3550.97,3718.25,4497.28,4526.48,4337.09,4292.63,4270.71,4011.47,4153.69,4256.11,4435.83,3949.02,3904.21,3968.72,3886.88,3957.9,4052.52,3847.62,4522.63,4556.96,4369.45,4461.06,4488.24,4630.47,4769.57,4818.71,4797.26,3474.79,3578.23,3552.2,3521.68,3528.94,3567.35,3649.02,4187.78,4280.05,4259.6,3913.34,3995.18,3885.57,3752.87,3978.83,4107.6,3849.31,3996.47,3825.35,4041.04,4002.67,4045.53,3818.92,4334.88,4413.84,4478.22,4326.82,4305.23,4445.84,4524.65,4612.35,4594.94,3509.77,3557.76,3591.07,3553.39,3671.66,3535.78,3622.07,4018.5,4134.37,3920.78,3812.17,3882.64,4048.49,3950.12,3455.87,3638.01,3673.87,3617.55,3659.92,3585.31,3599.05,4038.74,4076.08,4021.69,3959.21,4000.7,3887.44,3921.36,3619.9,3666.4,3631,3664.2,3666.63,3491.41,3535.76,4048.13,4073.49,4047.45,3930.76,3865.92,3955.29,3990.32,3572.85,3613.97,3685.03,3553.17,3534.44,3514.87,3507.43,3402.77,3435.21,3403.99,3415.05,3412.57,3267.23,3292.08,3301.1,3322.36
34,3839.7,4026.74,3929.91,4007.21,3962.35,3973.16,3980.48,4931.52,4924.51,4902.96,4909.09,4655.79,5045.86,5103.87,5177.25,5101.7,3396.69,3641.85,3647.62,3582.67,3632.95,3642.49,3698.52,4618.96,4884.92,4586.07,4791,4720.04,4453.15,4489.29,4653.5,4644.04,3987.55,3962.71,3979.14,4090.99,4055.51,3940.54,4112.32,4817.59,4897.07,4954.71,4580.17,4762.58,4772.47,5141.66,5089.47,5309.56,3472.04,3519.21,3612.29,3623.32,3606.74,3628.86,3671.84,4384.7,4664.26,4573.07,4425.56,4403.34,4182.25,4288.54,4460.47,4676.92,4004.64,3958.68,4027.49,4060.72,3953.26,4149.5,4132.37,4702.9,4644.66,4701.45,4612.63,4415.4,4676.72,5002.55,4963.34,4984.24,3450.29,3512,3622.71,3673.04,3616.89,3559.3,3731.43,4576.77,4600.13,4410.61,4373.61,4367.94,4076.77,4219.54,4327.31,4511.25,4023.81,3989.7,4048.18,3968.02,4035.07,4139.8,3924.21,4559.66,4589.1,4397.84,4501.4,4530.35,4671.15,4807.15,4864.16,4836.16,3491.96,3584.69,3564.56,3530.78,3542.08,3582.56,3653.06,4276.66,4373.22,4351.17,3997.96,4083.35,3969.68,3819.39,4058.18,4191.69,3922.37,4084.52,3902.65,4126.21,4088.78,4127.06,3891.94,4379.59,4455.81,4521.84,4370.66,4356.63,4501.66,4577.79,4668.71,4646.14,3516.12,3565.11,3599.79,3561.04,3683.13,3551.72,3632.98,4094.55,4212.03,4000.92,3885.77,3960.42,4123.52,4031.35,3469.65,3663.18,3681.1,3621.98,3669.82,3596.61,3605.7,4114.65,4151.64,4108.98,4033.9,4075.98,3964.77,3999.48,3631.84,3679.26,3641.41,3674.24,3681.59,3498.6,3540.42,4139.19,4156.8,4128.09,4015.01,3944.1,4037.49,4067.42,3578.45,3622.82,3694.65,3566.92,3538.67,3522.42,3511.87,3404.87,3437.63,3406.44,3414.88,3417.27,3270.61,3295.56,3308.47,3321.64
35,3915.35,4098.05,3996.91,4070.69,4026.94,4048.83,4044.15,4961.29,4939.4,4920.55,4934.78,4674.57,5062.9,5115.04,5196.62,5121.54,3412.59,3655.83,3670.9,3602.88,3659.68,3663.67,3734.56,4661.58,4932.04,4628.71,4849.85,4778.6,4509.47,4537.97,4698.62,4692.71,4063.07,4039.99,4057.81,4156.61,4123.19,4008.44,4174.6,4836.51,4919.14,4975.69,4603.18,4793.26,4804.09,5172.43,5113.63,5334.84,3485.95,3535.91,3624.14,3648.99,3618.33,3655.84,3704.99,4442.13,4726.96,4642.76,4492.39,4475.09,4238.77,4340.23,4528.37,4742.86,4076.95,4032.71,4109.26,4133.69,4021.88,4226.08,4203.84,4733.26,4668.05,4725.83,4639.5,4445.59,4712.59,5032.78,5002.75,5025.85,3466.22,3528.88,3640.78,3696.4,3627.09,3572.81,3759.43,4648.24,4676.47,4476.65,4452.54,4446.67,4141.68,4283.32,4395.05,4591.66,4108.5,4069.29,4116.56,4048.33,4109.28,4216.5,3999.08,4587.5,4615.92,4425.78,4540.08,4563.71,4711.55,4839.9,4897.36,4871.56,3506.84,3594.79,3582.15,3543.8,3556.87,3595.38,3654.49,4355.54,4459.33,4439.79,4074.67,4167.23,4048.74,3877.45,4136.11,4275.34,3996.8,4160.74,3977.26,4206.35,4162.75,4200.74,3965.85,4411.82,4499.88,4559.09,4418.29,4400.06,4544.73,4617.99,4714.82,4691.67,3526.94,3577.04,3615.74,3578.36,3695.35,3570.08,3652.64,4177.84,4293.06,4076.94,3954.07,4036.01,4197.64,4105.85,3486.4,3693.17,3688.18,3634.85,3682.94,3613.52,3618.99,4195.24,4228.54,4183.12,4109.54,4145,4038.8,4070.62,3643.51,3700.84,3661.48,3687.58,3699.61,3512.95,3550.09,4221.58,4233.21,4204.13,4083.33,4013.5,4106.58,4139.67,3594.19,3647.16,3708.32,3584.22,3557.17,3545.33,3527.94,3405.97,3438.21,3404.46,3421.01,3413.84,3272.06,3291.97,3304.52,3322.87
36,3983.36,4164.66,4057.09,4129.83,4089.55,4111.93,4101.4,4964.8,4951.67,4937.16,4943.34,4686.59,5083.97,5139.03,5213.22,5133.27,3423.63,3684.82,3699.6,3637.9,3701.14,3708.95,3788.7,4698.78,4978.69,4670.34,4904.83,4841.68,4556.97,4580.55,4748.79,4742.07,4127.19,4102.6,4126.92,4220.41,4188.58,4062.06,4238.07,4856.81,4935.53,4995.23,4625.85,4806.13,4820.43,5188.17,5133.53,5358.43,3510.61,3561,3638.99,3695.49,3642.69,3696.07,3754.58,4489,4784.43,4700.29,4554.26,4537.53,4299.11,4392.53,4586.49,4811.63,4138.18,4092.76,4177.54,4193.7,4094.3,4302.11,4277.74,4752.37,4694.95,4753.75,4669.32,4467.91,4742.77,5064.61,5032.46,5049.43,3495.61,3556.9,3666.88,3724.29,3642.36,3591.62,3802.6,4709.26,4733.74,4535.53,4515.38,4514.34,4201.36,4339.24,4453.98,4657.25,4170.99,4147.84,4185.65,4126.29,4179.65,4285.21,4069.44,4610.92,4641.76,4453.18,4566.26,4600.88,4751.59,4871.41,4931.8,4909.35,3543.69,3614.68,3613.95,3570.36,3584.57,3621.17,3667.96,4429.34,4536.76,4509.83,4147.07,4253.26,4129.85,3943.35,4203.09,4349.72,4063.49,4230.2,4043.65,4280.23,4235.43,4271.53,4034.74,4445.87,4534.92,4598.18,4454.02,4444.09,4592.86,4660.63,4756.21,4733.76,3549.72,3597.98,3639.07,3604.2,3718.09,3606.62,3680.69,4247.5,4360.66,4146.82,4023.11,4101.79,4268.1,4178.43,3513.28,3742.11,3702.62,3656.99,3707.48,3642.51,3635.96,4268.14,4295.89,4257.87,4170.81,4213.39,4097.37,4137.22,3672.51,3742.66,3697.16,3720.98,3728.65,3530.4,3568.55,4297.29,4301.59,4270.9,4155.28,4072.92,4167.52,4203.92,3614.16,3683.05,3738.87,3613.21,3578.21,3579.18,3556.68,3407.66,3437.34,3409.79,3418.38,3420.23,3271.71,3299.26,3307.83,3323.22
37,4052.65,4220.08,4115.34,4193.43,4151.25,4175.38,4153.46,4979.73,4965.32,4955.81,4963.89,4704.21,5101.27,5154.05,5231.38,5157.38,3450.46,3728.88,3746.34,3686.66,3758.42,3765.79,3854.67,4733.59,5019.88,4702.64,4959.17,4891.4,4608.26,4617.91,4791.94,4786.78,4199.18,4160.93,4187.55,4280.44,4247.02,4118.26,4297.82,4870.91,4947.02,5005.71,4643.53,4828.09,4838.29,5211.2,5155.7,5378.9,3542.53,3602.83,3664.41,3742.39,3684.66,3752.05,3822.56,4535.6,4841.12,4758.45,4617.37,4599.38,4352.51,4437.55,4636.96,4868.66,4197.19,4155.93,4236.51,4256.61,4153.49,4369.5,4343.49,4775.79,4709.68,4772.03,4695.9,4491.25,4766.39,5087.64,5051.37,5071.35,3538.55,3594.77,3711.05,3771.62,3668.76,3628.87,3862.1,4773.89,4793.69,4583.91,4584.06,4580.94,4257.55,4386.07,4509.34,4712.79,4240.99,4211.67,4245.15,4191.9,4244.69,4359.21,4138.75,4642.08,4666.12,4474.72,4594.74,4626.93,4777.25,4903.13,4963.69,4933.29,3592.56,3648.99,3663.78,3608.02,3632.36,3658.67,3679.47,4497.64,4606.34,4576.76,4217.06,4323.17,4192.18,3992.21,4269.09,4419.41,4126.17,4300.88,4103.87,4350.67,4300.5,4336.09,4089.49,4472.54,4564.34,4627.69,4492.69,4473.34,4631.47,4686.3,4794.34,4772.12,3581.98,3626.47,3690.62,3645.52,3760.61,3663.64,3723.9,4312.04,4429.91,4215.05,4082.96,4159.58,4333.85,4242.46,3543.74,3802.67,3732.31,3688.75,3749.3,3676.53,3667.32,4333.55,4346.85,4321.02,4230.73,4270.04,4158.67,4200.38,3714.91,3802.87,3743.53,3765.55,3769.86,3571.11,3589.81,4369.77,4371.17,4334.92,4210.63,4140.49,4224.9,4264.12,3649.94,3732.94,3781.36,3655.78,3608.4,3625.36,3596.02,3406.29,3442.18,3405.08,3419.15,3413.86,3269.28,3293.07,3304.41,3322.29
38,4107.48,4276.64,4167.53,4246.51,4204.92,4233.92,4201.81,4990.72,4978.12,4957.83,4977.25,4711.96,5116.19,5169.42,5250.07,5176.63,3489.59,3773.41,3807.09,3752.54,3831.95,3841.86,3931.82,4765.49,5055.63,4737.13,5003.27,4928.84,4642.32,4653.48,4830.76,4823.66,4255.44,4221.01,4253.37,4340.25,4310.36,4170.59,4353.17,4885.83,4965.66,5019.04,4656.16,4842.71,4857.1,5229.33,5170.84,5402.02,3599.03,3657.83,3708.03,3812.56,3736.29,3826.06,3897.73,4575,4885.28,4806.71,4668.44,4647.69,4396.76,4477.79,4689.55,4921.8,4256.81,4215.1,4299.18,4320.61,4220.19,4435,4414.52,4793.03,4731.81,4787.85,4718.65,4515.43,4796.4,5117.73,5085.79,5109.71,3597.32,3651.53,3776.8,3839.4,3706.69,3679.67,3945.73,4818.22,4844.12,4641.18,4643.41,4640.46,4304.27,4437.16,4558.93,4769.64,4299.75,4275.91,4304.37,4259.33,4301.01,4412.05,4199.07,4654.66,4688.94,4490.85,4623.56,4655.05,4806.5,4926.82,4994.29,4962.47,3647.04,3693.26,3730.62,3663.31,3687.04,3713.06,3704.96,4554.37,4672.07,4639.91,4284.81,4403.77,4264.62,4038.45,4322.53,4481.21,4185.27,4366.27,4157.27,4413.48,4358.51,4395.18,4146.53,4489.06,4588.62,4652.87,4524.69,4507.18,4665.89,4717.94,4824.1,4801.31,3629.35,3675.4,3750.92,3706.23,3820.37,3725.66,3790.84,4374.47,4495.21,4276.83,4145.32,4219.14,4389.93,4305.36,3601.51,3884.65,3777.82,3734.04,3809.09,3712.85,3708.87,4396.11,4414.08,4384.68,4291.1,4329.55,4217.72,4257.09,3779.63,3871.96,3808.39,3822.45,3827.47,3618.74,3609.31,4439.32,4435.74,4403.72,4265.81,4193.29,4286.12,4322.28,3703.71,3801.8,3841.41,3718.18,3660.89,3679.69,3652.52,3404.75,3439.48,3407.26,3420.27,3420.51,3268.67,3294,3302.13,3322.58
39,4163.81,4330.36,4218.6,4292.6,4254.44,4284.15,4249.57,5003.29,4982.61,4970.14,4988.21,4724.21,5133.4,5174.1,5265.46,5185.2,3542.65,3831.57,3887.48,3831,3911.19,3922.51,4019.7,4795.22,5091.22,4769.27,5048.47,4975.16,4677.47,4684.48,4862.4,4854.46,4310.67,4271.83,4318.46,4394.63,4362.8,4210.65,4405.2,4894.6,4980.06,5030.75,4671.96,4859.64,4875.03,5242.57,5187.66,5414.35,3663.24,3719.14,3762.29,3890.86,3795.87,3901.92,3975.74,4611.16,4927.53,4858.51,4717.93,4701.6,4443.77,4520.29,4727.8,4967.03,4306.55,4272.92,4361.43,4374.78,4265.9,4491.22,4468.06,4811.92,4747.66,4810.4,4738.5,4534.04,4816.99,5137.51,5107.02,5119.92,3660.7,3719.28,3847.6,3919.38,3757.75,3733.29,4032.22,4868.22,4892.97,4682.96,4694.94,4698.06,4351.84,4476.41,4609.77,4816.06,4354.76,4338.25,4358.88,4319.95,4360.24,4474.46,4258.4,4675.68,4705.25,4509.93,4643.51,4679.14,4831.47,4944.7,5012.61,4982.03,3711.57,3763.96,3796.98,3724.17,3756.47,3776.29,3744.78,4610.37,4733.04,4704.22,4337.2,4472.73,4324.16,4082.03,4376.33,4535.43,4237.92,4428.87,4215.73,4477.53,4417.42,4456.6,4200.73,4513.38,4616.6,4687.37,4553.97,4539.13,4700.95,4753.21,4859.99,4831.85,3689.67,3738.84,3823.57,3780.46,3899.24,3798.5,3868.01,4436.53,4545.14,4340.94,4199.92,4275.06,4449.63,4362.29,3663.73,3966.21,3841.86,3800.74,3888.57,3754.49,3777.8,4456.28,4465.61,4444.49,4341.08,4386.02,4264.86,4311.23,3859.83,3953.47,3885.17,3901.5,3909.03,3680.47,3637.87,4499.95,4497.25,4460.26,4324.98,4243.71,4336.5,4382.11,3767.71,3878.76,3915.51,3781.4,3724.41,3750.14,3711.86,3408.69,3437.85,3403.91,3418.63,3416.62,3269.28,3294.04,3303.53,3321.91
40,4214.25,4376.83,4262.31,4335.36,4299.03,4331.59,4288.75,5010.94,4994.45,4979.58,5004.2,4741.72,5150.13,5189.06,5269.65,5197.73,3604.75,3888.36,3967.21,3909.39,3987.58,4011.62,4105.23,4825.18,5121.78,4796.96,5084.35,5015.08,4709.36,4715.95,4884.85,4881.39,4368.62,4320.44,4377.49,4441.25,4412.89,4253.79,4446.86,4914.31,4986.56,5042.81,4681.43,4871.88,4885.19,5255.15,5202.01,5425.8,3732.32,3792.99,3830.84,3967.82,3861.23,3980.73,4059.99,4646.81,4972.8,4891.74,4763.02,4746.22,4485.27,4554.94,4765.91,5013.6,4353.83,4319.51,4408.93,4419.75,4317.89,4543.77,4522.56,4827.6,4760.47,4819.67,4759.69,4552.8,4833.51,5153.17,5125.81,5144.15,3736.96,3782.42,3923.24,4003.58,3818.72,3790.42,4122.57,4915.43,4933.11,4734.96,4749.53,4745.6,4398.37,4516.91,4653.45,4865.73,4409,4391.91,4410.15,4377.07,4409.46,4527.62,4309.21,4688.03,4719.19,4522.02,4665.63,4698.9,4856.69,4967.7,5038.74,5005.36,3783.49,3835.24,3877.65,3804.33,3822.91,3840.48,3806.38,4659.68,4786.91,4765.36,4399.61,4535.72,4380.61,4124.91,4419.62,4584.14,4282.47,4484.86,4263.18,4534.16,4476.78,4508.25,4248.03,4540.16,4636.22,4704.64,4585.22,4564.48,4730.97,4775.64,4882.69,4864.68,3769.38,3810.76,3904.79,3859.08,3987.53,3871.31,3945.69,4490.92,4596.39,4371.24,4250.76,4328.61,4497.27,4419.29,3722.64,4044.36,3916.64,3870.83,3969.63,3788.94,3850.59,4511.64,4518.92,4504.07,4388.79,4438.5,4323.75,4365.75,3944.35,4039.46,3955.89,3980.18,3982.38,3743.23,3666.05,4557.99,4546.43,4509.59,4367.11,4299.3,4383.42,4435.13,3842.75,3961.87,3989.13,3846.31,3778.45,3815.37,3777.9,3405.94,3440.61,3408.47,3418.54,3416.26,3267.04,3294.21,3305.22,3323.08