"","sampleID.exp","test1.exp","allP.exp","ztest1","zallP","month","exp.adjust","exp.adjustTest1","stress"
"1","10_A_65",32090,39090,-0.605598971136247,0.108396497246005,"june",68.5888565825638,32158.5888565826,6931.41114341743
"2","10_B_66",35330,40000,0.754359904826838,0.360371525404632,"june",65.6394888696383,35395.6394888696,4604.36051113036
"3","10_C_67",31410,38550,-0.891022438930971,-0.0411271458371387,"june",68.7901360695504,31478.7901360696,7071.20986393045
"4","10_D_68",32030,38510,-0.630783394765194,-0.0522029712507045,"june",69.0444046927147,32099.0444046927,6410.95559530728
"5","162_A_941",30870,38220,-1.11768225159149,-0.132502705499058,"june",58.7581541902127,30928.7581541902,7291.24184580979
"6","162_B_942",30780,39040,-1.1554588870349,0.0945517154790463,"june",58.6242024010879,30838.6242024011,8201.37579759891
"7","162_C_943",30790,38390,-1.15126148309675,-0.0854304474914021,"june",58.6328796611678,30848.6328796612,7541.36712033883
"8","162_D_944",30780,38570,-1.1554588870349,-0.0355892331303548,"june",58.6242024010879,30838.6242024011,7731.37579759891
"9","166_A_965",33190,39450,-0.143884537938905,0.2080789259681,"june",68.1800117642106,33258.1800117642,6191.81998823579
"10","166_C_967",33160,39390,-0.156476749753379,0.19146518784775,"june",68.0649072895928,33228.0649072896,6161.93509271041
"11","170_A_989",32050,39100,-0.622388586888881,0.111165453599396,"june",68.8998603120698,32118.8998603121,6981.10013968793
"12","170_B_990",31350,39310,-0.916206862559916,0.169313537020618,"june",67.8654065190817,31417.8654065191,7892.13459348092
"13","170_C_991",31560,38660,-0.828061379858606,-0.0106686259498322,"june",69.7179739386162,31629.7179739386,7030.28202606138
"14","170_D_992",31670,38820,-0.781889936538871,0.0336346757044332,"june",69.8668738465255,31739.8668738465,7080.13312615348
"15","188_A_1197",32730,39710,-0.336965119094159,0.280071791156278,"june",67.1577422973458,32797.1577422973,6912.84225770266
"16","188_B_1198",35170,40000,0.687201441816316,0.360371525404632,"june",65.632869563469,35235.6328695635,4764.36713043653
"17","19_B_126",31940,39070,-0.668560030208613,0.102858584539221,"june",69.5391589188552,32009.5391589189,7060.46084108115
"18","19_C_127",31370,38570,-0.907812054683601,-0.0355892331303548,"june",68.2244787221619,31438.2244787222,7131.77552127784
"19","19_D_128",34440,40000,0.380790954330804,0.360371525404632,"june",65.6319058922493,34505.6319058923,5494.36809410775
"20","201_A_1269",36190,40000,1.1153366435084,0.360371525404632,"june",66.7899909280634,36256.7899909281,3743.21000907194
"21","201_B_1270",32400,39090,-0.475479449053361,0.108396497246005,"june",67.2246594779033,32467.2246594779,6622.7753405221
"22","201_C_1271",35290,39230,0.737570289074207,0.147161886193484,"june",65.6368823102815,35355.6368823103,3874.36311768972
"23","201_D_1272",33040,40000,-0.20684559701127,0.360371525404632,"june",67.5775202184152,33107.5775202184,6892.42247978158
"24","206_A_1329",31700,38870,-0.769297724724399,0.04747945747139,"june",69.8773158788939,31769.8773158789,7100.12268412111
"25","206_B_1330",32260,39260,-0.534243104187569,0.155468755253659,"june",67.5160775848167,32327.5160775848,6932.48392241519
"26","206_C_1331",35010,40000,0.620042978805792,0.360371525404632,"june",65.6277204448639,35075.6277204449,4924.37227955514
"27","209_A_1365",32110,38820,-0.597204163259934,0.0336346757044332,"june",68.4297574681249,32178.4297574681,6641.57024253187
"28","209_B_1366",31480,39030,-0.861640611363867,0.0917827591256553,"june",69.3954099248051,31549.3954099248,7480.6045900752
"29","209_C_1367",31830,38950,-0.714731473528349,0.0696311082985236,"june",69.8129079296391,31899.8129079296,7050.18709207036
"30","212_D_1404",39130,40000,2.34937340132676,0.360371525404632,"june",64.0173038192423,39194.0173038192,805.982696180756
"31","214_A_1425",36520,40000,1.2538509734676,0.360371525404632,"june",66.2497286019065,36586.2497286019,3413.75027139809
"32","214_B_1426",31360,38450,-0.912009458621759,-0.0688167093710523,"june",68.0517075497887,31428.0517075498,7021.94829245021
"33","221_C_1511",38620,40000,2.13530580048071,0.360371525404632,"june",64.0173038197738,38684.0173038198,1315.98269618022
"34","221_D_1512",31810,38800,-0.723126281404664,0.0280967629976493,"june",69.836110662291,31879.8361106623,6920.16388933771
"35","231_B_1630",35490,40000,0.821518367837362,0.360371525404632,"june",65.6737771927173,35555.6737771927,4444.32622280729
"36","231_C_1631",32660,39190,-0.366346946661263,0.136086060779919,"june",67.1502969652246,32727.1502969652,6462.84970303478
"37","231_D_1632",33540,39980,0.00302459989661385,0.354833612697848,"june",68.6180587849469,33608.6180587849,6371.38194121506
"38","233_A_1653",31450,38680,-0.87423282317834,-0.00513071324304826,"june",69.185298012724,31519.1852980127,7160.81470198728
"39","233_B_1654",33340,38720,-0.0809234788665379,0.00594511217051758,"june",68.5284134496312,33408.5284134496,5311.47158655037
"40","233_C_1655",34470,40000,0.393383166145278,0.360371525404632,"june",65.6239057604079,34535.6239057604,5464.37609423959
"41","233_D_1656",33150,39370,-0.160674153691536,0.185927275140966,"june",68.0241609690137,33218.024160969,6151.97583903099
"42","236_B_1690",32870,38870,-0.278201463959951,0.04747945747139,"june",67.2233950558003,32937.2233950558,5932.7766049442
"43","236_D_1692",35690,40000,0.905466446600514,0.360371525404632,"june",65.9365546804248,35755.9365546804,4244.06344531957
"44","242_A_1761",32550,39040,-0.412518389980997,0.0945517154790463,"june",67.1559526130655,32617.1559526131,6422.84404738694
"45","242_B_1762",32710,39770,-0.345359926970473,0.296685529276628,"june",67.1545885168884,32777.1545885169,6992.84541148311
"46","242_C_1763",32100,38540,-0.601401567198091,-0.0438961021905297,"june",68.5091897010783,32168.5091897011,6371.49081029892
"50","248_C_1835",33020,39230,-0.215240404887584,0.147161886193484,"june",67.5105029521944,33087.5105029522,6142.48949704781
"51","248_D_1836",33110,40000,-0.177463769444166,0.360371525404632,"june",67.8554037729103,33177.8554037729,6822.14459622709
"52","250_A_1857",35110,39780,0.662017018187369,0.299454485630019,"june",65.6313996922979,35175.6313996923,4604.3686003077
"53","250_B_1858",37160,37960,1.52248482550969,-0.204495570687237,"june",64.0251843009132,37224.0251843009,735.97481569909
"54","250_C_1859",36380,40000,1.1950873183334,0.360371525404632,"june",66.6782453108535,36446.6782453109,3553.32175468915
"55","250_D_1860",39480,40000,2.49628253916227,0.360371525404632,"june",64.0173038192407,39544.0173038192,455.982696180756
"56","30_A_185",32370,40000,-0.488071660867835,0.360371525404632,"june",67.2581965989858,32437.258196599,7562.74180340102
"57","30_C_187",31450,38990,-0.87423282317834,0.0807069337120895,"june",69.185298012724,31519.1852980127,7470.81470198728
"58","35_A_221",36060,40000,1.06077039231235,0.360371525404632,"june",66.7647602140881,36126.7647602141,3873.23523978591
"59","35_B_222",32140,39240,-0.58461195144546,0.149930842546877,"june",68.1977934993757,32208.1977934994,7031.80220650062
"60","35_C_223",31880,38960,-0.69374445383756,0.0724000646519146,"june",69.7242328756102,31949.7242328756,7010.27576712439
"61","35_D_224",33050,39600,-0.202648193073113,0.249613271268972,"june",67.6135535710693,33117.6135535711,6482.38644642893
"62","46_A_281",31340,38760,-0.920404266498075,0.0170209375840834,"june",67.6652594475705,31407.6652594476,7352.33474055243
"63","46_B_282",31700,39280,-0.769297724724399,0.161006667960443,"june",69.8773158788939,31769.8773158789,7510.12268412111
"64","46_C_283",32090,39180,-0.605598971136247,0.133317104426528,"june",68.5888565825638,32158.5888565826,7021.41114341743
"65","70_A_425",37960,38540,1.85827714056231,-0.0438961021905297,"june",64.0173047492822,38024.0173047493,515.982695250721
"66","70_B_426",31680,39020,-0.777692532600714,0.0890138027722643,"june",69.8714260885399,31749.8714260885,7270.12857391146
"67","70_C_427",31370,38900,-0.907812054683601,0.0557863265315648,"june",68.2244787221619,31438.2244787222,7461.77552127784
"68","70_D_428",37520,40000,1.67359136728337,0.360371525404632,"june",64.0174385857924,37584.0174385858,2415.98256141421
"1100","101",33320,39320,0.747398525989162,0.677300092443699,"August",65.9483076431923,33385.9483076432,5934.05169235681
"210","102",32910,38950,0.377985607537354,0.044732845218374,"August",73.1932634317965,32983.1932634318,5966.8067365682
"310","103",35070,39210,2.32416098279565,0.489239559484818,"August",67.6812766319208,35137.6812766319,4072.31872336808
"410","104",32240,38450,-0.225689161639982,-0.810087759140179,"August",73.6211455218354,32313.6211455218,6136.37885447816
"510","113",34900,39740,2.17098977270587,1.39534940010489,"August",65.1475678918231,34965.1475678918,4774.85243210818
"610","114",32360,39010,-0.117568307458968,0.147311317741392,"August",73.2225675334686,32433.2225675335,6576.77743246653
"710","115",36500,40000,3.61260116178609,1.83985611437133,"August",65.1474161013733,36565.1474161014,3434.85258389862
"810","116",35070,37560,2.32416098279565,-2.33166843489841,"August",73.3923753321921,35143.3923753322,2416.60762466781
"910","137",33380,38650,0.801458953079673,-0.468159517396765,"August",73.3115885775803,33453.3115885776,5196.68841142242
"1010","138",33450,38930,0.864529451351932,0.0105400210440265,"August",73.0691964492607,33523.0691964493,5406.93080355074
"1110","139",33110,38730,0.558187031172383,-0.3313882206994,"August",73.2970751444887,33183.2970751445,5546.70292485551
"1210","140",31310,37810,-1.06362578154286,-1.90425813271913,"August",60.333100312662,31370.3331003127,6439.66689968734
"1310","149",32900,38740,0.368975536355604,-0.31429180861222,"August",73.503120697542,32973.5031206975,5766.49687930246
"1410","150",32790,39470,0.26986475335634,0.933746273751263,"August",65.8871328978649,32855.8871328979,6614.11286710214
"1510","151",35180,37310,2.42327176579491,-2.75907873707768,"August",70.6979486419809,35250.697948642,2059.30205135802
"1610","152",33420,39420,0.837499237806677,0.848264213315412,"August",65.5462606166889,33485.5462606167,5934.45373938331
"1710","161",33100,38890,0.549176959990634,-0.0578456273046563,"August",73.1973319802004,33173.1973319802,5716.8026680198
"1810","162",33530,39510,0.936610020805942,1.00213192209995,"August",66.9331992025514,33596.9331992026,5913.06680079745
"1910","163",33120,39020,0.567197102354133,0.164407729828572,"August",73.0696163450901,33193.0696163451,5826.93038365491
"207","164",31970,38090,-0.468961083547271,-1.42555859427834,"August",68.8906357591478,32038.8906357591,6051.10936424085
"211","17",32220,39070,-0.243709304003487,0.249889790264422,"August",73.2163070859038,32293.2163070859,6776.7836929141
"221","174",35690,40000,2.88278539606423,1.83985611437133,"August",65.1474161015443,35755.1474161015,4244.85258389846
"231","175",34710,39830,1.9997984202526,1.54921710888942,"August",65.1474673184315,34775.1474673184,5054.85253268157
"241","176",33340,39250,0.765418668352668,0.557625207833501,"August",67.9120317535423,33407.9120317535,5842.08796824646
"251","18",34040,38750,1.39612365107526,-0.297195396525052,"August",73.0832746226526,34113.0832746227,4636.91672537735
"261","19",33090,38920,0.540166888808884,-0.00655639104314118,"August",73.1801780320537,33163.1801780321,5756.81982196795
"271","197",32500,38860,0.00857268908555142,-0.109134863566171,"August",73.4387081399415,32573.4387081399,6286.56129186006
"281","198",32510,38310,0.017582760267301,-1.04943752836058,"August",73.4295601955667,32583.4295601956,5726.57043980444
"291","199",32470,38190,-0.0184575244597037,-1.25459447340664,"August",73.2698370055148,32543.2698370055,5646.73016299448
"301","20",32190,38790,-0.270739517548742,-0.228809748176369,"August",74.9234562989321,32264.9234562989,6525.07654370107
"311","200",32390,38750,-0.0905380939137129,-0.297195396525052,"August",74.8555193441244,32464.8555193441,6285.14448065588
"321","209",34280,39580,1.61236535943729,1.12180680671014,"August",66.2777908376301,34346.2777908376,5233.72220916237
"331","210",32370,38930,-0.108558236277218,0.0105400210440265,"August",73.3046458632614,32443.3046458633,6486.69535413674
"341","211",31850,39020,-0.577081937728285,0.164407729828572,"August",73.5660520273946,31923.5660520274,7096.4339479726
"351","212",31860,38500,-0.568071866546536,-0.724605698704329,"August",73.4451805430983,31933.4451805431,6566.5548194569
"361","233",31930,38480,-0.505001368274276,-0.758798522878676,"August",73.4439794251301,32003.4439794251,6476.55602057487
"371","234",32230,38590,-0.234699232821738,-0.570737989919784,"August",74.8840694918478,32304.8840694918,6285.11593050816
"381","235",32280,38840,-0.189648876912977,-0.143327687740507,"August",74.2917877546076,32354.2917877546,6485.70821224539
"391","236",32010,38200,-0.432920798820267,-1.23749806131946,"August",71.3539246698102,32081.3539246698,6118.64607533019
"401","245",32350,38210,-0.126578378640718,-1.22040164923229,"August",73.2155162532624,32423.2155162533,5786.78448374674
"411","246",32810,39660,0.287884895719845,1.25857810340751,"August",66.1587270076901,32876.1587270077,6783.84127299231
"421","247",32210,39090,-0.252719375185237,0.28408261443877,"August",73.2120846004768,32283.2120846005,6806.78791539952
"431","248",31460,39500,-0.928474713816588,0.985035510012778,"August",73.0547323610706,31533.0547323611,7966.94526763893
"441","257",31950,40000,-0.486981225910773,1.83985611437133,"August",67.5250091538065,32017.5250091538,7982.47499084619
"451","258",32160,40000,-0.297769731093998,1.83985611437133,"August",67.6800092993133,32227.6800092993,7772.31999070069
"461","259",32020,38800,-0.423910727638511,-0.211713336089202,"August",75.0129929909547,32095.012992991,6704.98700700904
"47","260",32070,39090,-0.378860371729756,0.28408261443877,"August",73.2224371336487,32143.2224371336,6946.77756286635
"48","269",32210,39270,-0.252719375185237,0.591818032007849,"August",73.0695096424918,32283.0695096425,6986.93049035751
"49","270",31610,38760,-0.793323646090319,-0.280098984437885,"August",74.8830118746706,31684.8830118747,7075.11698812533
"501","271",31910,39390,-0.523021510637778,0.796974977053897,"August",73.0472246512538,31983.0472246513,7406.95277534875
"511","272",32110,38810,-0.342820087002752,-0.194616924002022,"August",74.9307306279858,32184.930730628,6625.06926937202
"521","29",32890,38560,0.359965465173855,-0.622027226181299,"August",75.0145597689705,32965.014559769,5594.98544023103
"531","30",32160,38670,-0.297769731093998,-0.433966693222418,"August",75.0293663163291,32235.0293663163,6434.97063368368
"541","306",32150,39270,-0.306779802275747,0.591818032007849,"August",73.0823269514602,32223.0823269515,7046.91767304854
"551","307",31020,38410,-1.32491784581365,-0.878473407488874,"August",69.5551135234427,31089.5551135234,7320.44488647656
"561","308",31490,39080,-0.901444500271336,0.26698620235159,"August",73.9870693515217,31563.9870693515,7516.01293064848
"571","31",35670,40000,2.86476525370073,1.83985611437133,"August",65.1474161015735,35735.1474161016,4264.85258389843
"581","317",31600,39070,-0.802333717272069,0.249889790264422,"August",73.7440533242439,31673.7440533242,7396.25594667576
"591","318",31750,39040,-0.6671826495458,0.198600554002907,"August",73.6312040175617,31823.6312040176,7216.36879598244
"601","319",32660,39470,0.15273382799357,0.933746273751263,"August",66.611210962975,32726.611210963,6743.38878903703
"611","32",33960,39410,1.32404308162125,0.831167801228232,"August",67.1851574096947,34027.1851574097,5382.81484259031
"621","320",31900,38940,-0.532031581819531,0.0276364331311942,"August",74.3472936448173,31974.3472936448,6965.65270635518
"631","329",31580,39030,-0.820353859635574,0.18150414191574,"August",74.3200164437605,31654.3200164438,7375.67998355624
"641","330",32140,39110,-0.315789873457497,0.318275438613105,"August",73.2118920036285,32213.2118920036,6896.78810799637
"651","331",31930,38730,-0.505001368274276,-0.3313882206994,"August",75.0264431698868,32005.0264431699,6724.97355683011
"661","341",31460,38940,-0.928474713816588,0.0276364331311942,"August",75.0286914386014,31535.0286914386,7404.9713085614
"671","342",31370,38910,-1.00956535445235,-0.023652803130321,"August",75.0426080209568,31445.042608021,7464.95739197904
"681","343",31160,38840,-1.19877684926913,-0.143327687740507,"August",74.5619821062225,31234.5619821062,7605.43801789378
"69","344",31480,39050,-0.910454571453086,0.215696966090075,"August",74.4132823578882,31554.4132823579,7495.58671764211
"70","353",32940,40000,0.405015821082609,1.83985611437133,"August",65.5288242862456,33005.5288242862,6994.47117571376
"71","354",31930,39070,-0.505001368274276,0.249889790264422,"August",73.2671293510273,32003.267129351,7066.73287064897
"72","355",32680,39200,0.170753970357075,0.472143147397651,"August",73.0338533218937,32753.0338533219,6446.96614667811
"73","356",31560,39070,-0.838374001999077,0.249889790264422,"August",73.8709611495467,31633.8709611495,7436.12903885045
"74","365",31800,38710,-0.622132293637042,-0.365581044873735,"August",74.8929528237942,31874.8929528238,6835.10704717621
"75","366",31610,38600,-0.793323646090319,-0.553641577832616,"August",73.5189346309107,31683.5189346309,6916.48106536909
"76","367",31560,39000,-0.838374001999077,0.130214905654224,"August",74.7042763072669,31634.7042763073,7365.29572369273
"77","368",32010,39450,-0.432920798820267,0.899553449576927,"August",72.916069864429,32082.9160698644,7367.08393013557
"78","377",31890,38840,-0.54104165300128,-0.143327687740507,"August",75.0065419139546,31965.006541914,6874.99345808605
"79","378",31720,39240,-0.694212863091055,0.540528795746334,"August",73.208023304755,31793.2080233048,7446.79197669524
"80","380",31340,38970,-1.03659556799761,0.0789256693927093,"August",75.031224173346,31415.0312241733,7554.96877582666
"81","389",31980,38870,-0.459951012365518,-0.0920384514790038,"August",74.8120663668703,32054.8120663669,6815.18793363313
"82","390",31780,38960,-0.640152436000545,0.0618292573055416,"August",74.5028801073823,31854.5028801074,7105.49711989262
"83","391",31280,38660,-1.09065599508811,-0.451063105309598,"August",73.4463668370998,31353.4463668371,7306.5536331629
"84","392",31630,38850,-0.775303503726817,-0.126231275653339,"August",75.0447639372856,31705.0447639373,7144.95523606271
"85","401",31620,38920,-0.784313574908567,-0.00655639104314118,"August",74.9963447917077,31694.9963447917,7225.00365520829
"86","402",31560,38690,-0.838374001999077,-0.399773869048083,"August",74.0991201567085,31634.0991201567,7055.90087984329
"87","403",31350,38150,-1.02758549681585,-1.32298012175532,"August",68.6359385888819,31418.6359385889,6731.36406141112
"88","404",32000,38990,-0.441930870002016,0.113118493567057,"August",73.4833778395165,32073.4833778395,6916.51662216048
"89","41",32360,39170,-0.117568307458968,0.420853911136136,"August",73.1277226883948,32433.1277226884,6736.87227731161
"90","413",31330,38780,-1.04560563917936,-0.245906160263537,"August",74.4176829687908,31404.4176829688,7375.58231703121
"91","414",30800,38560,-1.52313941181218,-0.622027226181299,"August",72.1859205772526,30872.1859205773,7687.81407942275
"92","415",30680,38510,-1.63126026599319,-0.707509286617161,"August",69.6952328692644,30749.6952328693,7760.30476713074
"93","416",31550,38740,-0.847384073180826,-0.31429180861222,"August",74.630742394027,31624.630742394,7115.36925760597
"94","42",36900,40000,3.97300400905614,1.83985611437133,"August",65.147416101373,36965.1474161014,3034.85258389862
"95","43",32330,38500,-0.144598521004223,-0.724605698704329,"August",74.3545291617293,32404.3545291617,6095.64547083827
"96","438",32130,38900,-0.324799944639246,-0.0407492152174887,"August",74.0430189416556,32204.0430189417,6695.95698105834
"97","44",32060,38160,-0.387870442911506,-1.30588370966815,"August",70.4844096305832,32130.4844096306,6029.51559036941
"98","440",32000,39040,-0.441930870002016,0.198600554002907,"August",73.2858578077053,32073.2858578077,6966.71414219229
"99","449",31460,38910,-0.928474713816588,-0.023652803130321,"August",75.0440960914317,31535.0440960914,7374.95590390857
"100","450",31340,38080,-1.03659556799761,-1.44265500636552,"August",68.0685102580811,31408.0685102581,6671.93148974192
"101","451",31790,38150,-0.631142364818795,-1.32298012175532,"August",68.952360687484,31858.9523606875,6291.04763931252
"102","452",32740,38850,0.224814397447586,-0.126231275653339,"August",73.2636542866667,32813.2636542867,6036.73634571333
"103","461",30560,37840,-1.73938112017421,-1.85296889645761,"August",60.2991858943951,30620.2991858944,7219.7008141056
"104","462",31300,38240,-1.07263585272461,-1.16911241297077,"August",68.7738805798042,31368.7738805798,6871.2261194202
"105","463",32050,38700,-0.396880514093262,-0.382677456960903,"August",75.0291886758665,32125.0291886759,6574.97081132414
"106","464",31980,38830,-0.459951012365518,-0.160424099827687,"August",74.9774451843494,32054.9774451843,6775.02255481565
"107","473",32440,38230,-0.0454877380049587,-1.18620882505795,"August",73.3450447001281,32513.3450447001,5716.65495529988
"108","474",31540,38710,-0.856394144362579,-0.365581044873735,"August",74.2724426541548,31614.2724426542,7095.72755734585
"109","475",30880,38070,-1.45105884235817,-1.45975141845268,"August",61.9273322003669,30941.9273322004,7128.07266779963
"110","476",31520,38580,-0.874414286726081,-0.587834402006963,"August",73.4274741891451,31593.4274741891,6986.57252581085
"111","485",32140,39140,-0.315789873457497,0.36956467487462,"August",73.2030600414406,32213.2030600414,6926.79693995856
"112","486",31640,38200,-0.766293432545064,-1.23749806131946,"August",69.0179202631616,31709.0179202632,6490.98207973684
"113","487",31330,38350,-1.04560563917936,-0.981051880011893,"August",70.1685867745313,31400.1685867745,6949.83141322547
"114","488",32620,39240,0.116693543266565,0.540528795746334,"August",73.0118419596011,32693.0118419596,6546.9881580404
"115","497",31890,38520,-0.54104165300128,-0.690412874529982,"August",73.5087799277025,31963.5087799277,6556.4912200723
"116","53",32900,39240,0.368975536355604,0.540528795746334,"August",72.7005359528167,32972.7005359528,6267.29946404718
"117","54",32970,38950,0.432046034627864,0.044732845218374,"August",73.1824629493986,33043.1824629494,5906.8175370506
"118","55",32780,39140,0.26085468217459,0.36956467487462,"August",73.0533904252144,32853.0533904252,6286.94660957478
"119","56",32680,39150,0.170753970357075,0.386661086961788,"August",73.0635462643656,32753.0635462644,6396.93645373563
"120","6",31490,38530,-0.901444500271336,-0.673316462442814,"August",73.3840740095375,31563.3840740095,6966.61592599046
"121","7",31640,38410,-0.766293432545064,-0.878473407488874,"August",73.2390118260693,31713.2390118261,6696.76098817393
"122","716",33400,40000,0.819479095443172,1.83985611437133,"August",65.1592440302813,33465.1592440303,6534.84075596972
"123","725",32540,38390,0.0446129738125561,-0.91266623166321,"August",73.7793717537466,32613.7793717537,5776.22062824625
"124","726",32320,39460,-0.153608592185973,0.916649861664095,"August",71.4057444831683,32391.4057444832,7068.59425551683
"125","727",32400,40000,-0.0815280227319634,1.83985611437133,"August",67.5525624290908,32467.5525624291,7532.44743757091
"126","728",33680,38870,1.07176108853221,-0.0920384514790038,"August",73.0670582661788,33753.0670582662,5116.93294173382
"127","737",32420,39150,-0.0635078803684579,0.386661086961788,"August",73.1319703666228,32493.1319703666,6656.86802963338
"128","738",35850,40000,3.02694653497226,1.83985611437133,"August",65.1474161014215,35915.1474161014,4084.85258389858
"129","739",32250,38320,-0.216679090458232,-1.03234111627341,"August",73.3831597205203,32323.3831597205,5996.61684027948
"130","740",32770,39950,0.251844610992841,1.75437405393548,"August",67.0606194276557,32837.0606194277,7112.93938057234
"131","749",32300,38510,-0.171628734549478,-0.707509286617161,"August",74.3751851246627,32374.3751851247,6135.62481487534
"132","750",33280,40000,0.711358241262158,1.83985611437133,"August",65.1776653474576,33345.1776653475,6654.82233465254
"133","751",32170,38740,-0.288759659912242,-0.31429180861222,"August",75.0328859655526,32245.0328859656,6494.96711403445
"134","752",32010,39810,-0.432920798820267,1.51502428471508,"August",65.5556773562205,32075.5556773562,7734.44432264378
"135","761",32640,39350,0.134713685630071,0.728589328705214,"August",72.0812148438384,32712.0812148438,6637.91878515616
"136","762",33340,38410,0.765418668352668,-0.878473407488874,"August",75.0384786969717,33415.038478697,4994.96152130303
"137","763",32920,39370,0.38699567871911,0.76278215287955,"August",67.6905691066471,32987.6905691066,6382.30943089335
"138","764",32130,38650,-0.324799944639246,-0.468159517396765,"August",74.9894791343117,32204.9894791343,6445.01052086569
"139","773",32330,39370,-0.144598521004223,0.76278215287955,"August",72.8827426154239,32402.8827426154,6967.11725738458
"140","774",32360,39950,-0.117568307458968,1.75437405393548,"August",67.6813156749797,32427.681315675,7522.31868432502
"141","775",33620,40000,1.0177006614417,1.83985611437133,"August",65.1495112967191,33685.1495112967,6314.85048870328
"142","776",33180,39420,0.621257529444643,0.848264213315412,"August",65.5196026025556,33245.5196026026,6174.48039739744
"143","78",33260,38400,0.693338098898652,-0.895569819576042,"August",75.0445128487772,33335.0445128488,5064.95548715122
"144","785",33710,40000,1.09879130207747,1.83985611437133,"August",65.1484470343231,33775.1484470343,6224.85155296568
"145","786",32420,38990,-0.0635078803684579,0.113118493567057,"August",73.2238325554005,32493.2238325554,6496.7761674446
"146","787",34880,40000,2.15296963034238,1.83985611437133,"August",65.147416203039,34945.147416203,5054.85258379696
"147","788",31700,38240,-0.712233005454557,-1.16911241297077,"August",69.9378914161216,31769.9378914161,6470.06210858388
"148","79",32170,37670,-0.288759659912242,-2.14360790193952,"August",60.8078325063632,32230.8078325064,5439.19216749364
"149","797",32850,39180,0.32392518044685,0.437950323223303,"August",73.0078587163518,32923.0078587164,6256.99214128365
"150","798",32400,39790,-0.0815280227319634,1.48083146054074,"August",66.4341989503198,32466.4341989503,7323.56580104968
"151","799",32470,38770,-0.0184575244597037,-0.263002572350705,"August",74.5091289755787,32544.5091289756,6225.49087102442
"152","8",31420,38720,-0.964514998543593,-0.348484632786567,"August",74.0024747569859,31494.002474757,7225.99752524302
"153","80",32700,38250,0.188774112720581,-1.15201600088361,"August",73.4211239021098,32773.4211239021,5476.57887609788
"154","800",32580,38550,0.0806532585395607,-0.639123638268479,"August",75.0248991489003,32655.0248991489,5894.9751008511
"155","809",32580,39760,0.0806532585395607,1.42954222427922,"August",66.7600959748302,32646.7600959748,7113.23990402517
"156","810",33090,39100,0.540166888808884,0.301179026525938,"August",73.0235349959281,33163.0235349959,5936.97646500407
"157","811",32450,40000,-0.0364776668232028,1.83985611437133,"August",67.4689821737071,32517.4689821737,7482.53101782629
"158","812",33490,38800,0.900569736078937,-0.211713336089202,"August",73.1876045249783,33563.187604525,5236.81239547502
"159","821",32320,38380,-0.153608592185973,-0.929762643750377,"August",73.4557619161662,32393.4557619162,5986.54423808383
"160","822",32790,39240,0.26986475335634,0.540528795746334,"August",72.8993428848354,32862.8993428848,6377.10065711517
"161","823",33070,38700,0.522146746445379,-0.382677456960903,"August",73.4593490619558,33143.459349062,5556.54065093804
"162","824",32080,38470,-0.369850300548007,-0.775894934965844,"August",73.5157383939731,32153.515738394,6316.48426160603
"163","833",31680,37940,-0.73025314781806,-1.68200477558591,"August",66.6856986151578,31746.6856986152,6193.31430138484
"164","834",32960,38900,0.423035963446114,-0.0407492152174887,"August",73.2078938517831,33033.2078938518,5866.79210614822
"165","835",32010,38200,-0.432920798820267,-1.23749806131946,"August",71.3539246698102,32081.3539246698,6118.64607533019
"166","836",31750,37910,-0.6671826495458,-1.73329401184743,"August",66.1719428182974,31816.1719428183,6093.8280571817
"167","845",31860,38280,-0.568071866546536,-1.10072676462209,"August",72.4475690215065,31932.4475690215,6347.55243097849
"168","846",31390,38730,-0.991545212088848,-0.3313882206994,"August",74.022235013601,31464.0222350136,7265.9777649864
"169","847",31420,38500,-0.964514998543593,-0.724605698704329,"August",73.3276821602377,31493.3276821602,7006.67231783976
"170","848",31880,37700,-0.550051724183033,-2.09231866567801,"August",60.427249537363,31940.4272495374,5759.57275046264
"171","857",32490,38750,-0.000437382096198141,-0.297195396525052,"August",74.6573812099322,32564.6573812099,6185.34261879007
"172","858",32010,38510,-0.432920798820267,-0.707509286617161,"August",73.6038800689612,32083.603880069,6426.39611993104
"173","859",32310,39990,-0.162618663367722,1.82275970228416,"August",67.6625142397955,32377.6625142398,7612.3374857602
"174","860",33060,40000,0.513136675263629,1.83985611437133,"August",65.31002881152,33125.3100288115,6874.68997118848
"175","869",32730,39000,0.21580432626583,0.130214905654224,"August",73.1929369520367,32803.192936952,6196.80706304796
"176","870",33460,39400,0.873539522533682,0.814071389141065,"August",65.522077340285,33525.5220773403,5874.47792265972
"177","871",32780,40000,0.26085468217459,1.83985611437133,"August",66.1305328867681,32846.1305328868,7153.86946711323
"178","872",33780,39130,1.16186180034973,0.352468262787453,"August",67.8731989095171,33847.8731989095,5282.12680109048
"179","881",34740,38710,2.02682863379786,-0.365581044873735,"August",72.874628758633,34812.8746287586,3897.12537124137
"180","882",35800,40000,2.98189617906349,1.83985611437133,"August",65.1474161014449,35865.1474161014,4134.85258389855
"181","884",37840,40000,4.81995070014078,1.83985611437133,"August",65.147416101373,37905.1474161014,2094.85258389862
"182","89",32560,39260,0.0626331161760616,0.574721619920669,"August",73.0073581032913,32633.0073581033,6626.9926418967
"183","893",31550,38460,-0.847384073180826,-0.792991347053012,"August",73.3187119430778,31623.3187119431,6836.68128805692
"184","894",31670,38430,-0.739263218999809,-0.844280583314527,"August",73.3249586391753,31743.3249586392,6686.67504136082
"185","895",31970,38560,-0.468961083547271,-0.622027226181299,"August",73.9062777391982,32043.9062777392,6516.0937222608
"186","896",33460,40000,0.873539522533682,1.83985611437133,"August",65.1547986004701,33525.1547986005,6474.84520139953
"187","9",32610,38730,0.107683472084816,-0.3313882206994,"August",74.5264846123941,32684.5264846124,6045.47351538761
"188","90",32830,38870,0.305905038083344,-0.0920384514790038,"August",73.2268384781244,32903.2268384781,5966.77316152187
"189","905",32710,38800,0.197784183902331,-0.211713336089202,"August",73.4523442700253,32783.45234427,6016.54765572998
"190","906",33260,39020,0.693338098898652,0.164407729828572,"August",73.0468578972857,33333.0468578973,5686.95314210271
"191","907",32600,39010,0.0986734009030662,0.147311317741392,"August",73.2043824169502,32673.2043824169,6336.79561758305
"192","908",31820,37960,-0.60411215127354,-1.64781195141157,"August",68.2441025891633,31888.2441025892,6071.75589741084
"193","91",32890,38200,0.359965465173855,-1.23749806131946,"August",73.4233103186098,32963.4233103186,5236.57668968139
"194","917",31780,38240,-0.640152436000545,-1.16911241297077,"August",70.5842025419938,31850.584202542,6389.415797458
"195","918",32550,38910,0.0536230449943056,-0.023652803130321,"August",73.2537096898213,32623.2537096898,6286.74629031018
"196","919",32730,39140,0.21580432626583,0.36956467487462,"August",73.0612580959622,32803.061258096,6336.93874190404
"197","92",32450,38390,-0.0364776668232028,-0.91266623166321,"August",73.6081870556249,32523.6081870556,5866.39181294437
"198","920",31810,38260,-0.613122222455293,-1.13491958879644,"August",71.5202373964909,31881.5202373965,6378.47976260351
"199","929",31200,38110,-1.16273656454212,-1.391365770104,"August",67.9080770358145,31267.9080770358,6842.09192296418
"200","930",32870,38960,0.341945322810349,0.0618292573055416,"August",73.1938083374094,32943.1938083374,6016.80619166259
"201","931",31910,39220,-0.523021510637778,0.506335971571986,"August",73.195705723016,31983.195705723,7236.80429427698
"202","932",32510,39850,0.017582760267301,1.58340993306377,"August",67.5455740602386,32577.5455740602,7272.45442593977
"203","953",31420,38140,-0.964514998543593,-1.34007653384249,"August",68.6581281081214,31488.6581281081,6651.34187189188
"204","954",31590,38710,-0.811343788453822,-0.365581044873735,"August",74.4334315324832,31664.4334315325,7045.56656846752
"205","955",31420,39100,-0.964514998543593,0.301179026525938,"August",73.9769786215788,31493.9769786216,7606.02302137842
"206","956",31690,38160,-0.721243076636307,-1.30588370966815,"August",68.8585314560614,31758.8585314561,6401.14146854394
"1101","1013",32020,38590,-0.086902039584079,0.0261371104197766,"Novemeber",67.8038641050685,32087.8038641051,6502.19613589493
"212","1014",31400,40000,-0.263375574446346,0.57475264006345,"Novemeber",70.3924634945394,31470.3924634945,8529.60753650546
"312","1015",31880,38620,-0.126750902294914,0.0378097812632567,"Novemeber",68.2387831689817,31948.238783169,6671.76121683102
"412","1016",31540,39080,-0.223526711735512,0.216790734196654,"Novemeber",69.9981168050936,31609.9981168051,7470.00188319491
"512","1025",32450,38900,0.0354908958849117,0.14675470913576,"Novemeber",67.4523497504357,32517.4523497504,6382.54765024956
"612","1027",32090,38510,-0.0669776082286618,-0.00499001182951199,"Novemeber",67.6829363229941,32157.682936323,6352.317063677
"711","1037",32070,38920,-0.072670302901639,0.154536489698083,"Novemeber",67.7124671682339,32137.7124671682,6782.28753283177
"811","1038",31950,38800,-0.106826470939497,0.107845806324151,"Novemeber",67.9841395484418,32017.9841395484,6782.01586045156
"911","1039",32250,38970,-0.0214360508448523,0.173990941103886,"Novemeber",67.5406386457915,32317.5406386458,6652.45936135421
"1011","1040",32350,38790,0.00702742252002973,0.103954916042991,"Novemeber",67.4948307188065,32417.4948307188,6372.50516928119
"1111","1049",31560,39210,-0.217834017062535,0.267372307851746,"Novemeber",69.9169268885793,31629.9169268886,7580.08307311142
"1211","1051",31560,38620,-0.217834017062535,0.0378097812632567,"Novemeber",69.9169268885793,31629.9169268886,6990.08307311142
"1311","1052",31450,38880,-0.249143837763905,0.13897292857344,"Novemeber",70.2839890425861,31520.2839890426,7359.71601095741
"1411","1062",31540,38460,-0.223526711735512,-0.024444463235315,"Novemeber",69.9981168050936,31609.9981168051,6850.00188319491
"1511","1063",31980,38680,-0.0982874289300324,0.0611551229502225,"Novemeber",67.8985020086588,32047.8985020087,6632.10149799134
"1611","1064",32440,38920,0.0326445485484221,0.154536489698083,"Novemeber",67.4570564717685,32507.4570564718,6412.54294352823
"1711","1073",32400,40000,0.0212591592024697,0.57475264006345,"Novemeber",67.4744989301752,32467.4744989302,7532.52550106982
"1811","1074",32230,39460,-0.0271287455178295,0.364644564880766,"Novemeber",67.5521518009328,32297.5521518009,7162.44784819907
"1911","1076",32050,38510,-0.0783629975746162,-0.00499001182951199,"Novemeber",67.7458063178705,32117.7458063179,6392.25419368213
"208","1085",31020,37920,-0.371536773232896,-0.234552538417999,"Novemeber",70.6269498728068,31090.6269498728,6829.37305012719
"213","1086",32760,39870,0.123727663316043,0.524171066408358,"Novemeber",67.0349787951571,32827.0349787952,7042.96502120484
"222","1087",30770,38630,-0.4426954566451,0.0417006715444195,"Novemeber",70.4964160733954,30840.4964160734,7789.50358392661
"232","1088",30750,37930,-0.448388151318076,-0.230661648136839,"Novemeber",70.4709042165142,30820.4709042165,7109.52909578348
"242","1199",31570,38660,-0.214987669726047,0.0533733423878997,"Novemeber",69.8738890327477,31639.8738890327,7020.12611096725
"252","1200",31920,38460,-0.115365512948961,-0.024444463235315,"Novemeber",68.0835831472373,31988.0835831472,6471.91641685276
"262","1222",35020,40000,0.767002161362368,0.57475264006345,"Novemeber",63.5698869144792,35083.5698869145,4916.43011308552
"272","1223",33200,40000,0.248966946121524,0.57475264006345,"Novemeber",63.7472668709229,33263.7472668709,6736.25273312908
"282","1245",31110,38150,-0.345919647204502,-0.145062061951301,"Novemeber",70.6236897229376,31180.6236897229,6969.37631027706
"292","1246",31200,38340,-0.320302521176109,-0.0711351466092437,"Novemeber",70.5978061156144,31270.5978061156,7069.40219388439
"302","1247",31700,38660,-0.177985154351701,0.0533733423878997,"Novemeber",69.1932910336765,31769.1932910337,6890.80670896632
"313","1248",31540,38550,-0.223526711735512,0.0105735492951309,"Novemeber",69.9981168050936,31609.9981168051,6940.00188319491
"322","1258",31760,38760,-0.160907070332772,0.0922822451995084,"Novemeber",68.8454465911878,31828.8454465912,6931.15455340881
"332","1259",31680,38550,-0.183677849024677,0.0105735492951309,"Novemeber",69.3084960225507,31749.3084960225,6800.69150397745
"342","1260",31190,38610,-0.323148868512597,0.0339188909820967,"Novemeber",70.6020285400321,31260.60202854,7349.39797145997
"352","1275",30580,37960,-0.496776056038375,-0.218988977293356,"Novemeber",70.0722293607631,30650.0722293608,7309.92777063924
"362","1281",31290,38880,-0.294685395147716,0.13897292857344,"Novemeber",70.5392568583338,31360.5392568583,7519.46074314167
"372","1282",31610,39100,-0.203602280380094,0.224572514758977,"Novemeber",69.6861700210781,31679.6861700211,7420.31382997892
"382","1284",31910,38750,-0.11821186028545,0.0883913549183483,"Novemeber",68.1199352460098,31978.119935246,6771.88006475399
"392","1293",31270,38650,-0.300378089820692,0.0494824521067396,"Novemeber",70.5559611949415,31340.5559611949,7309.44403880506
"402","1295",32050,38430,-0.0783629975746162,-0.0361171340787978,"Novemeber",67.7458063178705,32117.7458063179,6312.25419368213
"413","1296",31340,38650,-0.280453658465275,0.0494824521067396,"Novemeber",70.4855342816508,31410.4855342817,7239.51446571835
"422","1305",31240,38460,-0.308917131830157,-0.024444463235315,"Novemeber",70.5767721714784,31310.5767721715,7149.42322782852
"432","1306",31880,38820,-0.126750902294914,0.115627586886474,"Novemeber",68.2387831689817,31948.238783169,6871.76121683102
"442","1307",31860,38510,-0.132443596967891,-0.00499001182951199,"Novemeber",68.326113164351,31928.3261131644,6581.67388683565
"452","1317",31870,38740,-0.129597249631402,0.0845004646371883,"Novemeber",68.2816504502574,31938.2816504503,6801.71834954974
"462","1318",30310,40000,-0.573627434123555,0.57475264006345,"Novemeber",68.722144601592,30378.7221446016,9621.27785539841
"481","1329",27840,37710,-1.27667522623613,-0.316261234322376,"Novemeber",67.0330041477869,27907.0330041478,9802.96699585221
"491","1341",27400,40000,-1.40191450904161,0.57475264006345,"Novemeber",67.5068478053343,27467.5068478053,12532.4931521947
"513","1353",37380,40000,1.43874013277357,0.57475264006345,"Novemeber",56.2580898933908,37436.2580898934,2563.74191010661
"522","1355",36970,40000,1.32203989197756,0.57475264006345,"Novemeber",58.7437376171898,37028.7437376172,2971.25626238281
"532","1377",29830,34720,-0.710252106274987,-1.47963742838946,"Novemeber",67.6665772921005,29897.6665772921,4822.3334227079
"552","1379",27910,34100,-1.25675079488071,-1.72087262582143,"Novemeber",66.9847684821011,27976.9847684821,6123.0152315179
"562","1380",30940,38350,-0.3943075519248,-0.0672442563280837,"Novemeber",70.6121068252438,31010.6121068252,7339.38789317476
"572","1389",28910,40000,-0.972116061231897,0.57475264006345,"Novemeber",67.0772199412546,28977.0772199413,11022.9227800587
"592","1392",23640,40000,-2.47214110756116,0.57475264006345,"Novemeber",67.6092235218485,23707.6092235218,16292.3907764782
"602","1423",36590,40000,1.21387869319101,0.57475264006345,"Novemeber",61.7909478420628,36651.7909478421,3348.20905215794
"622","1437",34150,40000,0.519369943087897,0.57475264006345,"Novemeber",62.3011368603473,34212.3011368603,5787.69886313965
"632","1438",24420,33860,-2.25012601531508,-1.81425399256929,"Novemeber",67.6092235218078,24487.6092235218,9372.39077647819
"642","1440",32990,40000,0.189193652055272,0.57475264006345,"Novemeber",65.7056027395814,33055.7056027396,6944.29439726042
"652","1449",20410,26280,-3.39151129724683,-4.76354882568919,"Novemeber",67.6092235218486,20477.6092235218,5802.39077647815
"662","1450",25570,34560,-1.92279607161894,-1.54189167288803,"Novemeber",67.6092233381701,25637.6092233382,8922.39077666183
"672","1451",32920,40000,0.169269220699855,0.57475264006345,"Novemeber",66.2556934778959,32986.2556934779,7013.7443065221
"682","1452",33410,40000,0.308740240187773,0.57475264006345,"Novemeber",62.589719983129,33472.5897199831,6527.41028001687
"691","1461",19740,32860,-3.58221656879154,-2.20334302068537,"Novemeber",67.6092235218486,19807.6092235218,13052.3907764782
"701","1463",22410,40000,-2.8222418299492,0.57475264006345,"Novemeber",67.6092235218486,22477.6092235218,17522.3907764782
"712","1467",36620,40000,1.22241773520047,0.57475264006345,"Novemeber",61.6876080651513,36681.6876080651,3318.31239193485
"721","1487",34880,40000,0.727153298651534,0.57475264006345,"Novemeber",63.5432389808441,34943.5432389808,5056.45676101916
"731","1488",35320,40000,0.852392581457012,0.57475264006345,"Novemeber",63.5033233905354,35383.5033233905,4616.49667660947
"741","1497",27660,40000,-1.32790947829292,0.57475264006345,"Novemeber",67.231826853965,27727.231826854,12272.768173146
"751","1498",39130,40000,1.936850916659,0.57475264006345,"Novemeber",56.0267259059662,39186.026725906,813.973274094031
"781","1521",36890,40000,1.29926911328565,0.57475264006345,"Novemeber",59.6476386824016,36949.6476386824,3050.3523613176
"812","1524",28110,40000,-1.19982384815095,0.57475264006345,"Novemeber",66.9187332391555,28176.9187332392,11823.0812667608
"821","1533",27440,40000,-1.39052911969566,0.57475264006345,"Novemeber",67.4784254847282,27507.4784254847,12492.5215745153
"831","1534",26070,35800,-1.78047870479453,-1.05942127802409,"Novemeber",67.6092164031668,26137.6092164032,9662.39078359683
"881","1557",31980,40000,-0.0982874289300324,0.57475264006345,"Novemeber",67.8985020086588,32047.8985020087,7952.10149799134
"891","1558",38840,40000,1.85430684390084,0.57475264006345,"Novemeber",56.0267307736015,38896.0267307736,1103.9732692264
"901","1809",32510,38980,0.0525689799038393,0.177881831385046,"Novemeber",67.4193130977946,32577.4193130978,6402.58068690221
"912","1810",31130,38230,-0.340226952531526,-0.113934939702015,"Novemeber",70.6201005798789,31200.6201005799,7029.37989942012
"921","1811",32780,40000,0.12942035798902,0.57475264006345,"Novemeber",66.9700703832354,32846.9700703832,7153.02992961677
"931","1812",32310,39020,-0.00435796682592266,0.193445392509691,"Novemeber",67.5115566181223,32377.5115566181,6642.48844338187
"941","1821",32480,38910,0.0440299378943745,0.15064559941692,"Novemeber",67.4370174421948,32547.4370174422,6362.56298255781
"961","1823",31990,38410,-0.0954410815935448,-0.0438989146411207,"Novemeber",67.8728426198758,32057.8728426199,6352.12715738012
"971","1824",31250,38910,-0.306070784493668,0.15064559941692,"Novemeber",70.5703598048837,31320.5703598049,7589.42964019512
"981","1845",31000,37930,-0.377229467905872,-0.230661648136839,"Novemeber",70.6248940337129,31070.6248940337,6859.37510596629
"991","1846",31500,39190,-0.234912101081464,0.259590527289423,"Novemeber",70.1408489500178,31570.14084895,7619.85915104998
"1001","1847",32680,39280,0.100956884624138,0.294608539819872,"Novemeber",67.2277939658953,32747.2277939659,6532.7722060341
"1012","1848",31100,38040,-0.34876599454099,-0.18786185504407,"Novemeber",70.625074279355,31170.6250742794,6869.37492572064
"1021","499",31830,38410,-0.140982638977355,-0.0438989146411207,"Novemeber",68.4686801119587,31898.468680112,6511.53131988804
"1031","500",31560,38590,-0.217834017062535,0.0261371104197766,"Novemeber",69.9169268885793,31629.9169268886,6960.08307311142
"1041","509",32570,39550,0.0696470639227689,0.399662577411212,"Novemeber",67.3734875934008,32637.3734875934,6912.6265124066
"1051","510",31720,38730,-0.172292459678725,0.0806095743560255,"Novemeber",69.0768914291284,31789.0768914291,6940.92310857087
"1061","511",32810,39920,0.137959399998485,0.543625517814164,"Novemeber",66.8573768648576,32876.8573768649,7043.14262313514
"1071","512",31900,38060,-0.121058207621938,-0.180080074481747,"Novemeber",68.1579172813549,31968.1579172814,6091.84208271865
"1081","521",32300,38320,-0.00720431416241228,-0.0789169271715666,"Novemeber",67.5159774829075,32367.5159774829,5952.4840225171
"1091","522",36050,40000,1.06017593702065,0.57475264006345,"Novemeber",62.3215856897147,36112.3215856897,3887.67841431029
"1102","523",31850,38870,-0.135289944304378,0.135082038292277,"Novemeber",68.3721375238355,31918.3721375238,6951.62786247617
"1112","524",31530,38780,-0.226373059071999,0.100064025761831,"Novemeber",70.0362482038708,31600.0362482039,7179.96375179613
"1121","533",31970,38860,-0.101133776266521,0.131191148011117,"Novemeber",67.9255753875888,32037.9255753876,6822.07442461241
"1131","534",31900,39130,-0.121058207621938,0.23624518560246,"Novemeber",68.1579172813549,31968.1579172814,7161.84208271865
"1141","535",32310,39040,-0.00435796682592266,0.201227173072012,"Novemeber",67.5115566181223,32377.5115566181,6662.48844338187
"1151","536",33730,39650,0.399823354955394,0.438571480222821,"Novemeber",62.1902704830257,33792.190270483,5857.80972951697
"1161","545",30660,37450,-0.474005277346469,-0.417424381632556,"Novemeber",70.3065043892954,30730.3065043893,6719.6934956107
"1171","547",31030,38850,-0.368690425896407,0.127300257729957,"Novemeber",70.6275935219188,31100.6275935219,7749.37240647808
"1181","548",34560,40000,0.636070183883913,0.57475264006345,"Novemeber",63.185977155279,34623.1859771553,5376.81402284472
"1191","557",32570,39920,0.0696470639227689,0.543625517814164,"Novemeber",67.3734875934008,32637.3734875934,7282.6265124066
"1201","558",31630,39040,-0.197909585707118,0.201227173072012,"Novemeber",69.5837509572922,31699.5837509573,7340.41624904271
"1212","559",32070,38920,-0.072670302901639,0.154536489698083,"Novemeber",67.7124671682339,32137.7124671682,6782.28753283177
"1221","560",32140,38670,-0.0527458715462218,0.0572642326690625,"Novemeber",67.6232019140765,32207.6232019141,6462.37679808592
"1231","569",31570,38030,-0.214987669726047,-0.19175274532523,"Novemeber",69.8738890327477,31639.8738890327,6390.12611096725
"1241","570",27940,40000,-1.24821175287125,0.57475264006345,"Novemeber",66.9689924260202,28006.968992426,11993.031007574
"1251","571",31910,39080,-0.11821186028545,0.216790734196654,"Novemeber",68.1199352460098,31978.119935246,7101.88006475399
"1261","572",32040,39690,-0.0812093449111038,0.454135041347464,"Novemeber",67.7640330655245,32107.7640330655,7582.23596693448
"1271","581",31950,39340,-0.106826470939497,0.317953881506838,"Novemeber",67.9841395484418,32017.9841395484,7322.01586045156
"1281","582",33170,39520,0.240427904112059,0.387989906567732,"Novemeber",64.004734373612,33234.0047343736,6285.99526562638
"1291","583",37690,40000,1.5269769002047,0.57475264006345,"Novemeber",56.0515131604875,37746.0515131605,2253.94848683952
"1301","584",31990,38340,-0.0954410815935448,-0.0711351466092437,"Novemeber",67.8728426198758,32057.8728426199,6282.12715738012
"1312","593",31860,38020,-0.132443596967891,-0.19564363560639,"Novemeber",68.326113164351,31928.3261131644,6091.67388683565
"1321","594",26430,40000,-1.67801020068096,0.57475264006345,"Novemeber",67.6091244495117,26497.6091244495,13502.3908755505
"1331","595",31390,38640,-0.266221921782834,0.0455915618255796,"Novemeber",70.4105331234524,31460.4105331235,7179.58946687655
"1341","596",31440,39000,-0.251990185100393,0.185663611947369,"Novemeber",70.3082696800054,31510.30826968,7489.69173032
"1351","605",32160,40000,-0.0470531768732466,0.57475264006345,"Novemeber",67.6039974386155,32227.6039974386,7772.39600256139
"1361","606",32260,38320,-0.0185897035083647,-0.0789169271715666,"Novemeber",67.5352862146269,32327.5352862146,5992.46471378538
"1371","607",32070,39720,-0.072670302901639,0.465807712190947,"Novemeber",67.7124671682339,32137.7124671682,7582.28753283177
"1381","608",32080,39660,-0.0698239555651514,0.442462370503981,"Novemeber",67.6972510809373,32147.6972510809,7512.30274891906
"1391","617",36070,40000,1.06586863169362,0.57475264006345,"Novemeber",62.30973532419,36132.3097353242,3867.69026467581
"1401","618",28510,40000,-1.08596995469142,0.57475264006345,"Novemeber",66.9091791833617,28576.9091791834,11423.0908208166
"1412","619",31310,38080,-0.288992700474739,-0.172298293919427,"Novemeber",70.5199722610713,31380.5199722611,6699.48002773893
"1421","620",31590,38640,-0.209294975053071,0.0455915618255796,"Novemeber",69.7830543270171,31659.783054327,6980.21694567298
"1431","629",32080,38380,-0.0698239555651514,-0.0555715854846008,"Novemeber",67.6972510809373,32147.6972510809,6232.30274891906
"1441","630",32730,38980,0.115188621306578,0.177881831385046,"Novemeber",67.1187574306334,32797.1187574306,6182.88124256937
"1451","631",33170,38990,0.240427904112059,0.181772721666209,"Novemeber",64.004734373612,33234.0047343736,5755.99526562638
"1461","632",31810,38670,-0.146675333650332,0.0572642326690625,"Novemeber",68.5707807926522,31878.5707807927,6791.42921920735
"1471","641",30780,40000,-0.439849109308611,0.57475264006345,"Novemeber",70.5079462247934,30850.5079462248,9149.49205377521
"1481","642",32310,40000,-0.00435796682592266,0.57475264006345,"Novemeber",67.5115566181223,32377.5115566181,7622.48844338187
"1491","643",31230,39050,-0.311763479166644,0.205118063353172,"Novemeber",70.5826977186589,31300.5826977187,7749.41730228134
"1501","644",31190,38390,-0.323148868512597,-0.0516806952034408,"Novemeber",70.6020285400321,31260.60202854,7129.39797145997
"1512","653",31820,38510,-0.143828986313843,-0.00499001182951199,"Novemeber",68.5190740300441,31888.51907403,6621.48092596995
"1521","654",31880,38470,-0.126750902294914,-0.0205535729541549,"Novemeber",68.2387831689817,31948.238783169,6521.76121683102
"1531","655",31400,38460,-0.263375574446346,-0.024444463235315,"Novemeber",70.3924634945394,31470.3924634945,6989.60753650546
"1541","656",31290,38030,-0.294685395147716,-0.19175274532523,"Novemeber",70.5392568583338,31360.5392568583,6669.46074314167
"1551","665",33030,40000,0.200579041401224,0.57475264006345,"Novemeber",65.3424524172494,33095.3424524173,6904.65754758275
"1561","666",23170,40000,-2.6059194323761,0.57475264006345,"Novemeber",67.6092235218486,23237.6092235218,16762.3907764782
"1571","667",32210,38650,-0.0328214401908046,0.0494824521067396,"Novemeber",67.5649270463066,32277.5649270463,6372.43507295369
"1581","668",34350,40000,0.576296889817661,0.57475264006345,"Novemeber",62.6527050441324,34412.6527050441,5587.34729495587
"1591","677",32100,38900,-0.0641312608921742,0.14675470913576,"Novemeber",67.6694735315725,32167.6694735316,6732.33052646843
"1601","678",31710,38540,-0.175138807015213,0.00668265901397089,"Novemeber",69.1351639278463,31779.1351639278,6760.86483607215
"1612","679",30980,38210,-0.382922162578848,-0.121716720264335,"Novemeber",70.6217783295136,31050.6217783295,7159.37822167049
"1621","680",31660,39020,-0.189370543697653,0.193445392509691,"Novemeber",69.4213208743389,31729.4213208743,7290.57867912566
"1631","689",31570,39280,-0.214987669726047,0.294608539819872,"Novemeber",69.8738890327477,31639.8738890327,7640.12611096725
"1651","691",31490,38460,-0.237758448417953,-0.024444463235315,"Novemeber",70.1725124823426,31560.1725124823,6899.82748751766
"1661","692",31440,38550,-0.251990185100393,0.0105735492951309,"Novemeber",70.3082696800054,31510.30826968,7039.69173032
"1671","701",30420,37640,-0.542317613422185,-0.343497466290502,"Novemeber",69.3247692404303,30489.3247692404,7150.67523075957
"1681","702",30730,38060,-0.454080845991052,-0.180080074481747,"Novemeber",70.4418275004649,30800.4418275005,7259.55817249954
"1691","703",31320,37800,-0.286146353138251,-0.28124322179193,"Novemeber",70.5092684750562,31390.5092684751,6409.49073152494
"1701","704",30620,37330,-0.485390666692422,-0.464115065006488,"Novemeber",70.2011862234033,30690.2011862234,6639.7988137766
"1712","713",32980,39630,0.186347304718782,0.430789699660501,"Novemeber",65.7915189124131,33045.7915189124,6584.20848108759
"1721","714",37730,40000,1.53836228955066,0.57475264006345,"Novemeber",56.045243978788,37786.0452439788,2213.95475602121
"1731","715",32130,38420,-0.0555922188827094,-0.0400080243599579,"Novemeber",67.6337232552729,32197.6337232553,6222.36627674472
"1741","977",34710,40000,0.678765393931235,0.57475264006345,"Novemeber",63.4292473553378,34773.4292473553,5226.57075264466
"1751","978",32020,39100,-0.086902039584079,0.224572514758977,"Novemeber",67.8038641050685,32087.8038641051,7012.19613589493
"1761","979",32290,38940,-0.0100506614988999,0.162318270260403,"Novemeber",67.5205378062032,32357.5205378062,6582.4794621938
"1771","980",31090,39130,-0.351612341877479,0.23624518560246,"Novemeber",70.6261948647614,31160.6261948648,7969.37380513524
