"","sampleID.exp","test1.exp","allP.exp","ztest1","zallP","month","june","aug","exp.adjust","exp.adjustTest1","stress"
"1","10_A_65",32090,39090,-0.605598971136247,0.108396497246005,"june",1,0,1599.26301534119,33689.2630153412,5400.7369846588
"2","10_B_66",35330,40000,0.754359904826838,0.360371525404632,"june",1,0,1798.6137576376,37128.6137576376,2871.3862423624
"3","10_C_67",31410,38550,-0.891022438930971,-0.0411271458371387,"june",1,0,1562.788114847,32972.788114847,5577.211885153
"4","10_D_68",32030,38510,-0.630783394765194,-0.0522029712507045,"june",1,0,1570.78464848193,33600.7846484819,4909.21535151807
"5","162_A_941",30870,38220,-1.11768225159149,-0.132502705499058,"june",1,0,1502.52768283218,32372.5276828322,5847.47231716782
"6","162_B_942",30780,39040,-1.1554588870349,0.0945517154790463,"june",1,0,1552.52587247149,32332.5258724715,6707.47412752851
"7","162_C_943",30790,38390,-1.15126148309675,-0.0854304474914021,"june",1,0,1507.15631873733,32297.1563187373,6092.84368126268
"8","162_D_944",30780,38570,-1.1554588870349,-0.0355892331303548,"june",1,0,1520.52530965986,32300.5253096599,6269.47469034014
"9","166_A_965",33190,39450,-0.143884537938905,0.2080789259681,"june",1,0,1762.11799353673,34952.1179935367,4497.88200646327
"10","166_C_967",33160,39390,-0.156476749753379,0.19146518784775,"june",1,0,1761.35250936969,34921.3525093697,4468.64749063031
"11","170_A_989",32050,39100,-0.622388586888881,0.111165453599396,"june",1,0,1595.38813624538,33645.3881362454,5454.61186375462
"12","170_B_990",31350,39310,-0.916206862559916,0.169313537020618,"june",1,0,1569.5295250876,32919.5295250876,6390.4704749124
"13","170_C_991",31560,38660,-0.828061379858606,-0.0106686259498322,"june",1,0,1566.46876642111,33126.4687664211,5533.53123357889
"14","170_D_992",31670,38820,-0.781889936538871,0.0336346757044332,"june",1,0,1568.91176333491,33238.9117633349,5581.08823666509
"15","188_A_1197",32730,39710,-0.336965119094159,0.280071791156278,"june",1,0,1758.06652344345,34488.0665234434,5221.93347655656
"16","188_B_1198",35170,40000,0.687201441816316,0.360371525404632,"june",1,0,1794.64182980696,36964.641829807,3035.35817019304
"17","19_B_126",31940,39070,-0.668560030208613,0.102858584539221,"june",1,0,1583.4475487303,33523.4475487303,5546.5524512697
"18","19_C_127",31370,38570,-0.907812054683601,-0.0355892331303548,"june",1,0,1562.18227947381,32932.1822794738,5637.81772052619
"19","19_D_128",34440,40000,0.380790954330804,0.360371525404632,"june",1,0,1789.41820420609,36229.4182042061,3770.58179579391
"20","201_A_1269",36190,40000,1.1153366435084,0.360371525404632,"june",1,0,1823.55119131601,38013.551191316,1986.44880868399
"21","201_B_1270",32400,39090,-0.475479449053361,0.108396497246005,"june",1,0,1656.61628678484,34056.6162867848,5033.38371321516
"22","201_C_1271",35290,39230,0.737570289074207,0.147161886193484,"june",1,0,1790.39687332053,37080.3968733205,2149.60312667947
"23","201_D_1272",33040,40000,-0.20684559701127,0.360371525404632,"june",1,0,1764.07169541134,34804.0716954113,5195.92830458866
"24","206_A_1329",31700,38870,-0.769297724724399,0.04747945747139,"june",1,0,1569.80873767159,33269.8087376716,5600.19126232841
"25","206_B_1330",32260,39260,-0.534243104187569,0.155468755253659,"june",1,0,1653.79955241919,33913.7995524192,5346.20044758081
"26","206_C_1331",35010,40000,0.620042978805792,0.360371525404632,"june",1,0,1792.30962170608,36802.3096217061,3197.69037829392
"27","209_A_1365",32110,38820,-0.597204163259934,0.0336346757044332,"june",1,0,1582.25509178309,33692.2550917831,5127.7449082169
"28","209_B_1366",31480,39030,-0.861640611363867,0.0917827591256553,"june",1,0,1568.53662006741,33048.5366200674,5981.46337993259
"29","209_C_1367",31830,38950,-0.714731473528349,0.0696311082985236,"june",1,0,1573.89108462943,33403.8910846294,5546.10891537057
"31","214_A_1425",36520,40000,1.2538509734676,0.360371525404632,"june",1,0,1826.1074953252,38346.1074953252,1653.8925046748
"32","214_B_1426",31360,38450,-0.912009458621759,-0.0688167093710523,"june",1,0,1559.08335814014,32919.0833581401,5530.91664185986
"34","221_D_1512",31810,38800,-0.723126281404664,0.0280967629976493,"june",1,0,1570.7442112615,33380.7442112615,5419.2557887385
"35","231_B_1630",35490,40000,0.821518367837362,0.360371525404632,"june",1,0,1804.35070083708,37294.3507008371,2705.64929916292
"36","231_C_1631",32660,39190,-0.366346946661263,0.136086060779919,"june",1,0,1724.56721124934,34384.5672112493,4805.43278875067
"37","231_D_1632",33540,39980,0.00302459989661385,0.354833612697848,"june",1,0,1771.7108251084,35311.7108251084,4668.2891748916
"38","233_A_1653",31450,38680,-0.87423282317834,-0.00513071324304826,"june",1,0,1565.28554335528,33015.2855433553,5664.71445664472
"39","233_B_1654",33340,38720,-0.0809234788665379,0.00594511217051758,"june",1,0,1753.55447826598,35093.554478266,3626.44552173402
"40","233_C_1655",34470,40000,0.393383166145278,0.360371525404632,"june",1,0,1789.54104918973,36259.5410491897,3740.45895081027
"41","233_D_1656",33150,39370,-0.160674153691536,0.185927275140966,"june",1,0,1761.0488672491,34911.0488672491,4458.9511327509
"42","236_B_1690",32870,38870,-0.278201463959951,0.04747945747139,"june",1,0,1719.93416981103,34589.934169811,4280.06583018897
"43","236_D_1692",35690,40000,0.905466446600514,0.360371525404632,"june",1,0,1812.44748444394,37502.4474844439,2497.55251555605
"44","242_A_1761",32550,39040,-0.412518389980997,0.0945517154790463,"june",1,0,1682.36653871701,34232.366538717,4807.633461283
"45","242_B_1762",32710,39770,-0.345359926970473,0.296685529276628,"june",1,0,1758.66291046465,34468.6629104647,5301.33708953534
"46","242_C_1763",32100,38540,-0.601401567198091,-0.0438961021905297,"june",1,0,1572.81400965012,33672.8140096501,4867.18599034988
"50","248_C_1835",33020,39230,-0.215240404887584,0.147161886193484,"june",1,0,1756.00305987273,34776.0030598727,4453.99694012727
"51","248_D_1836",33110,40000,-0.177463769444166,0.360371525404632,"june",1,0,1764.63910688866,34874.6391068887,5125.36089311134
"52","250_A_1857",35110,39780,0.662017018187369,0.299454485630019,"june",1,0,1791.69734643226,36901.6973464323,2878.30265356774
"54","250_C_1859",36380,40000,1.1950873183334,0.360371525404632,"june",1,0,1825.03402500501,38205.034025005,1794.96597499499
"56","30_A_185",32370,40000,-0.488071660867835,0.360371525404632,"june",1,0,1753.15695212537,34123.1569521254,5876.84304787464
"57","30_C_187",31450,38990,-0.87423282317834,0.0807069337120895,"june",1,0,1567.89558359838,33017.8955835984,5972.10441640163
"58","35_A_221",36060,40000,1.06077039231235,0.360371525404632,"june",1,0,1822.04442571815,37882.0444257182,2117.95557428185
"59","35_B_222",32140,39240,-0.58461195144546,0.149930842546877,"june",1,0,1625.12432433994,33765.1243243399,5474.87567566006
"60","35_C_223",31880,38960,-0.69374445383756,0.0724000646519146,"june",1,0,1575.88718260428,33455.8871826043,5504.11281739572
"61","35_D_224",33050,39600,-0.202648193073113,0.249613271268972,"june",1,0,1761.86070051586,34811.8607005159,4788.13929948414
"62","46_A_281",31340,38760,-0.920404266498075,0.0170209375840834,"june",1,0,1564.51680748808,32904.5168074881,5855.48319251191
"63","46_B_282",31700,39280,-0.769297724724399,0.161006667960443,"june",1,0,1578.5602447626,33278.5602447626,6001.4397552374
"64","46_C_283",32090,39180,-0.605598971136247,0.133317104426528,"june",1,0,1608.68545059218,33698.6854505922,5481.31454940782
"66","70_B_426",31680,39020,-0.777692532600714,0.0890138027722643,"june",1,0,1571.42420790219,33251.4242079022,5768.57579209781
"67","70_C_427",31370,38900,-0.907812054683601,0.0557863265315648,"june",1,0,1566.35912288244,32936.3591228824,5963.64087711756
"68","70_D_428",37520,40000,1.67359136728337,0.360371525404632,"june",1,0,1893.70078742401,39413.700787424,586.299212575992
"69","101",33320,39320,0.747398525989162,0.677300092443699,"aug",0,1,1823.95556857059,35143.9555685706,4176.04443142941
"70","102",32910,38950,0.377985607537354,0.044732845218374,"aug",0,1,1775.1112841297,34685.1112841297,4264.88871587029
"71","103",35070,39210,2.32416098279565,0.489239559484818,"aug",0,1,2007.20656363808,37077.2065636381,2132.79343636192
"72","104",32240,38450,-0.225689161639982,-0.810087759140179,"aug",0,1,1539.04388854259,33779.0438885426,4670.9561114574
"73","113",34900,39740,2.17098977270587,1.39534940010489,"aug",0,1,1854.95514550407,36754.9551455041,2985.04485449593
"74","114",32360,39010,-0.117568307458968,0.147311317741392,"aug",0,1,1761.74044733256,34121.7404473326,4888.25955266744
"75","115",36500,40000,3.61260116178609,1.83985611437133,"aug",0,1,1830.00000000917,38330.0000000092,1669.99999999083
"76","116",35070,37560,2.32416098279565,-2.33166843489841,"aug",0,1,1683.0110980826,36753.0110980826,806.988901917408
"77","137",33380,38650,0.801458953079673,-0.468159517396765,"aug",0,1,1766.26265038008,35146.2626503801,3503.73734961992
"78","138",33450,38930,0.864529451351932,0.0105400210440265,"aug",0,1,1790.37666254734,35240.3766625473,3689.62333745266
"79","139",33110,38730,0.558187031172383,-0.3313882206994,"aug",0,1,1764.14274558596,34874.142745586,3855.85725441404
"80","140",31310,37810,-1.06362578154286,-1.90425813271913,"aug",0,1,1006.96511903577,32316.9651190358,5493.03488096423
"81","149",32900,38740,0.368975536355604,-0.31429180861222,"aug",0,1,1760.61560035183,34660.6156003518,4079.38439964817
"82","150",32790,39470,0.26986475335634,0.933746273751263,"aug",0,1,1816.07596629451,34606.0759662945,4863.92403370549
"83","151",35180,37310,2.42327176579491,-2.75907873707768,"aug",0,1,1570.74630174673,36750.7463017467,559.253698253269
"84","152",33420,39420,0.837499237806677,0.848264213315412,"aug",0,1,1833.89080561729,35253.8908056173,4166.10919438271
"85","161",33100,38890,0.549176959990634,-0.0578456273046563,"aug",0,1,1779.16327615502,34879.163276155,4010.83672384498
"86","162",33530,39510,0.936610020805942,1.00213192209995,"aug",0,1,1899.79686922385,35429.7968692239,4080.20313077615
"87","163",33120,39020,0.567197102354133,0.164407729828572,"aug",0,1,1789.3097105686,34909.3097105686,4110.6902894314
"88","164",31970,38090,-0.468961083547271,-1.42555859427834,"aug",0,1,1332.6486284289,33302.6486284289,4787.35137157109
"89","17",32220,39070,-0.243709304003487,0.249889790264422,"aug",0,1,1761.50339062705,33981.5033906271,5088.49660937295
"90","174",35690,40000,2.88278539606423,1.83985611437133,"aug",0,1,1830.00003316448,37520.0000331645,2479.99996683552
"91","175",34710,39830,1.9997984202526,1.54921710888942,"aug",0,1,1854.00638988321,36564.0063898832,3265.99361011678
"92","176",33340,39250,0.765418668352668,0.557625207833501,"aug",0,1,1820.23190054941,35160.2319005494,4089.76809945059
"93","18",34040,38750,1.39612365107526,-0.297195396525052,"aug",0,1,1794.06766362319,35834.0676636232,2915.93233637681
"94","19",33090,38920,0.540166888808884,-0.00655639104314118,"aug",0,1,1782.48324955941,34872.4832495594,4047.51675044058
"95","197",32500,38860,0.00857268908555142,-0.109134863566171,"aug",0,1,1751.82756741824,34251.8275674182,4608.17243258176
"96","198",32510,38310,0.017582760267301,-1.04943752836058,"aug",0,1,1532.17348487142,34042.1734848714,4267.82651512858
"97","199",32470,38190,-0.0184575244597037,-1.25459447340664,"aug",0,1,1480.84916642019,33950.8491664202,4239.15083357981
"98","20",32190,38790,-0.270739517548742,-0.228809748176369,"aug",0,1,1593.04657979267,33783.0465797927,5006.95342020733
"99","200",32390,38750,-0.0905380939137129,-0.297195396525052,"aug",0,1,1630.48087267074,34020.4808726707,4729.51912732926
"100","209",34280,39580,1.61236535943729,1.12180680671014,"aug",0,1,2008.2652399214,36288.2652399214,3291.7347600786
"101","210",32370,38930,-0.108558236277218,0.0105400210440265,"aug",0,1,1753.96050195454,34123.9605019545,4806.03949804546
"102","211",31850,39020,-0.577081937728285,0.164407729828572,"aug",0,1,1650.38258927538,33500.3825892754,5519.61741072463
"103","212",31860,38500,-0.568071866546536,-0.724605698704329,"aug",0,1,1485.90798851003,33345.90798851,5154.09201148996
"104","233",31930,38480,-0.505001368274276,-0.758798522878676,"aug",0,1,1489.0332536907,33419.0332536907,5060.9667463093
"105","234",32230,38590,-0.234699232821738,-0.570737989919784,"aug",0,1,1565.97470286612,33795.9747028661,4794.02529713389
"106","235",32280,38840,-0.189648876912977,-0.143327687740507,"aug",0,1,1670.67036719479,33950.6703671948,4889.32963280521
"107","236",32010,38200,-0.432920798820267,-1.23749806131946,"aug",0,1,1458.32753144617,33468.3275314462,4731.67246855384
"108","245",32350,38210,-0.126578378640718,-1.22040164923229,"aug",0,1,1477.02852308226,33827.0285230823,4382.97147691774
"109","246",32810,39660,0.287884895719845,1.25857810340751,"aug",0,1,1828.56279509708,34638.5627950971,5021.43720490292
"110","247",32210,39090,-0.252719375185237,0.28408261443877,"aug",0,1,1762.20297996327,33972.2029799633,5117.79702003673
"111","248",31460,39500,-0.928474713816588,0.985035510012778,"aug",0,1,1764.36521630832,33224.3652163083,6275.63478369168
"112","257",31950,40000,-0.486981225910773,1.83985611437133,"aug",0,1,1825.52335958137,33775.5233595814,6224.47664041863
"113","258",32160,40000,-0.297769731093998,1.83985611437133,"aug",0,1,1833.29935817951,33993.2993581795,6006.7006418205
"114","259",32020,38800,-0.423910727638511,-0.211713336089202,"aug",0,1,1573.66708174672,33593.6670817467,5206.33291825327
"115","260",32070,39090,-0.378860371729756,0.28408261443877,"aug",0,1,1757.37046224271,33827.3704622427,5262.62953775729
"116","269",32210,39270,-0.252719375185237,0.591818032007849,"aug",0,1,1774.52463307019,33984.5246330702,5285.47536692981
"117","270",31610,38760,-0.793323646090319,-0.280098984437885,"aug",0,1,1546.3190156561,33156.3190156561,5603.6809843439
"118","271",31910,39390,-0.523021510637778,0.796974977053897,"aug",0,1,1771.94595871167,33681.9459587117,5708.05404128833
"119","272",32110,38810,-0.342820087002752,-0.194616924002022,"aug",0,1,1585.82222950124,33695.8222295012,5114.17777049876
"120","29",32890,38560,0.359965465173855,-0.622027226181299,"aug",0,1,1673.24457772697,34563.244577727,3996.75542227303
"121","30",32160,38670,-0.297769731093998,-0.433966693222418,"aug",0,1,1568.31987573732,33728.3198757373,4941.68012426268
"122","306",32150,39270,-0.306779802275747,0.591818032007849,"aug",0,1,1770.84186654007,33920.8418665401,5349.15813345993
"123","307",31020,38410,-1.32491784581365,-0.878473407488874,"aug",0,1,1207.24171810915,32227.2417181091,6182.75828189086
"124","308",31490,39080,-0.901444500271336,0.26698620235159,"aug",0,1,1580.46129336849,33070.4612933685,6009.53870663151
"125","31",35670,40000,2.86476525370073,1.83985611437133,"aug",0,1,1830.00004060008,37500.0000406001,2499.99995939992
"126","317",31600,39070,-0.802333717272069,0.249889790264422,"aug",0,1,1596.56463793431,33196.5646379343,5873.43536206569
"127","318",31750,39040,-0.6671826495458,0.198600554002907,"aug",0,1,1624.74155103072,33374.7415510307,5665.25844896928
"128","319",32660,39470,0.15273382799357,0.933746273751263,"aug",0,1,1805.33354015506,34465.3335401551,5004.66645984495
"129","32",33960,39410,1.32404308162125,0.831167801228232,"aug",0,1,1934.350070054,35894.350070054,3515.649929946
"130","320",31900,38940,-0.532031581819531,0.0276364331311942,"aug",0,1,1601.72003352072,33501.7200335207,5438.27996647928
"131","329",31580,39030,-0.820353859635574,0.18150414191574,"aug",0,1,1578.39511596438,33158.3951159644,5871.60488403562
"132","330",32140,39110,-0.315789873457497,0.318275438613105,"aug",0,1,1761.65130260743,33901.6513026074,5208.34869739257
"133","331",31930,38730,-0.505001368274276,-0.3313882206994,"aug",0,1,1566.03691962523,33496.0369196252,5233.96308037477
"134","341",31460,38940,-0.928474713816588,0.0276364331311942,"aug",0,1,1565.59199096996,33025.59199097,5914.40800903004
"135","342",31370,38910,-1.00956535445235,-0.023652803130321,"aug",0,1,1557.16768822643,32927.1676882264,5982.83231177357
"136","343",31160,38840,-1.19877684926913,-0.143327687740507,"aug",0,1,1490.02637100796,32650.026371008,6189.97362899204
"137","344",31480,39050,-0.910454571453086,0.215696966090075,"aug",0,1,1573.66587634138,33053.6658763414,5996.33412365862
"138","353",32940,40000,0.405015821082609,1.83985611437133,"aug",0,1,1945.11186763846,34885.1118676385,5114.88813236154
"139","354",31930,39070,-0.505001368274276,0.249889790264422,"aug",0,1,1730.23324004146,33660.2332400415,5409.76675995854
"140","355",32680,39200,0.170753970357075,0.472143147397651,"aug",0,1,1788.70529689799,34468.705296898,4731.29470310202
"141","356",31560,39070,-0.838374001999077,0.249889790264422,"aug",0,1,1587.87457297627,33147.8745729763,5922.12542702373
"142","365",31800,38710,-0.622132293637042,-0.365581044873735,"aug",0,1,1556.97816080696,33356.978160807,5353.02183919304
"143","366",31610,38600,-0.793323646090319,-0.553641577832616,"aug",0,1,1482.73618580361,33092.7361858036,5507.26381419639
"144","367",31560,39000,-0.838374001999077,0.130214905654224,"aug",0,1,1572.08014806649,33132.0801480665,5867.91985193351
"145","368",32010,39450,-0.432920798820267,0.899553449576927,"aug",0,1,1785.50096729542,33795.5009672954,5654.49903270459
"146","377",31890,38840,-0.54104165300128,-0.143327687740507,"aug",0,1,1571.35102616261,33461.3510261626,5378.64897383739
"147","378",31720,39240,-0.694212863091055,0.540528795746334,"aug",0,1,1755.59976799298,33475.599767993,5764.40023200702
"148","380",31340,38970,-1.03659556799761,0.0789256693927093,"aug",0,1,1563.67581164078,32903.6758116408,6066.32418835921
"149","389",31980,38870,-0.459951012365518,-0.0920384514790038,"aug",0,1,1585.75395471065,33565.7539547106,5304.24604528935
"150","390",31780,38960,-0.640152436000545,0.0618292573055416,"aug",0,1,1584.83056957771,33364.8305695777,5595.16943042229
"151","391",31280,38660,-1.09065599508811,-0.451063105309598,"aug",0,1,1474.24938042987,32754.2493804299,5905.75061957013
"152","392",31630,38850,-0.775303503726817,-0.126231275653339,"aug",0,1,1564.83911642726,33194.8391164273,5655.16088357274
"153","401",31620,38920,-0.784313574908567,-0.00655639104314118,"aug",0,1,1568.31943814867,33188.3194381487,5731.68056185133
"154","402",31560,38690,-0.838374001999077,-0.399773869048083,"aug",0,1,1502.83967509966,33062.8396750997,5627.16032490034
"155","403",31350,38150,-1.02758549681585,-1.32298012175532,"aug",0,1,1187.29431779911,32537.2943177991,5612.70568220089
"156","404",32000,38990,-0.441930870002016,0.113118493567057,"aug",0,1,1691.79472524874,33691.7947252487,5298.20527475126
"157","41",32360,39170,-0.117568307458968,0.420853911136136,"aug",0,1,1770.51435409686,34130.5143540969,5039.48564590314
"158","413",31330,38780,-1.04560563917936,-0.245906160263537,"aug",0,1,1496.19502351995,32826.1950235199,5953.80497648005
"159","414",30800,38560,-1.52313941181218,-0.622027226181299,"aug",0,1,1238.00598255048,32038.0059825505,6521.99401744952
"160","415",30680,38510,-1.63126026599319,-0.707509286617161,"aug",0,1,1192.72756685466,31872.7275668547,6637.27243314534
"161","416",31550,38740,-0.847384073180826,-0.31429180861222,"aug",0,1,1525.01273864205,33075.012738642,5664.98726135795
"162","42",36900,40000,3.97300400905614,1.83985611437133,"aug",0,1,1830.00000000016,38730.0000000002,1269.99999999984
"163","43",32330,38500,-0.144598521004223,-0.724605698704329,"aug",0,1,1562.49146982722,33892.4914698272,4607.50853017277
"164","438",32130,38900,-0.324799944639246,-0.0407492152174887,"aug",0,1,1660.57337247472,33790.5733724747,5109.42662752527
"165","44",32060,38160,-0.387870442911506,-1.30588370966815,"aug",0,1,1451.76743664894,33511.767436649,4648.23256335105
"166","440",32000,39040,-0.441930870002016,0.198600554002907,"aug",0,1,1731.65673812061,33731.6567381206,5308.34326187939
"167","449",31460,38910,-0.928474713816588,-0.023652803130321,"aug",0,1,1563.25240165202,33023.252401652,5886.74759834798
"168","450",31340,38080,-1.03659556799761,-1.44265500636552,"aug",0,1,1176.9443455054,32516.9443455054,5563.0556544946
"169","451",31790,38150,-0.631142364818795,-1.32298012175532,"aug",0,1,1296.76197837882,33086.7619783788,5063.23802162117
"170","452",32740,38850,0.224814397447586,-0.126231275653339,"aug",0,1,1762.41457044312,34502.4145704431,4347.58542955687
"171","461",30560,37840,-1.73938112017421,-1.85296889645761,"aug",0,1,1001.11701875289,31561.1170187529,6278.88298124711
"172","462",31300,38240,-1.07263585272461,-1.16911241297077,"aug",0,1,1195.58763204217,32495.5876320422,5744.41236795783
"173","463",32050,38700,-0.396880514093262,-0.382677456960903,"aug",0,1,1567.3203681494,33617.3203681494,5082.67963185061
"174","464",31980,38830,-0.459951012365518,-0.160424099827687,"aug",0,1,1575.44212309553,33555.4421230955,5274.55787690447
"175","473",32440,38230,-0.0454877380049587,-1.18620882505795,"aug",0,1,1485.57563363836,33925.5756336383,4304.42436636165
"176","474",31540,38710,-0.856394144362579,-0.365581044873735,"aug",0,1,1507.70965442191,33047.7096544219,5662.29034557808
"177","475",30880,38070,-1.45105884235817,-1.45975141845268,"aug",0,1,1021.48369487632,31901.4836948763,6168.51630512367
"178","476",31520,38580,-0.874414286726081,-0.587834402006963,"aug",0,1,1476.00993756822,32996.0099375682,5583.99006243177
"179","485",32140,39140,-0.315789873457497,0.36956467487462,"aug",0,1,1762.85228765972,33902.8522876597,5237.14771234028
"180","486",31640,38200,-0.766293432545064,-1.23749806131946,"aug",0,1,1269.78234405968,32909.7823440597,5290.21765594032
"181","487",31330,38350,-1.04560563917936,-0.981051880011893,"aug",0,1,1278.3338750999,32608.3338750999,5741.6661249001
"182","488",32620,39240,0.116693543266565,0.540528795746334,"aug",0,1,1789.04488419354,34409.0448841935,4830.95511580646
"183","497",31890,38520,-0.54104165300128,-0.690412874529982,"aug",0,1,1495.92585298984,33385.9258529898,5134.07414701016
"184","53",32900,39240,0.368975536355604,0.540528795746334,"aug",0,1,1791.8543649405,34691.8543649405,4548.1456350595
"185","54",32970,38950,0.432046034627864,0.044732845218374,"aug",0,1,1779.13686054364,34749.1368605436,4200.86313945636
"186","55",32780,39140,0.26085468217459,0.36956467487462,"aug",0,1,1788.23126096121,34568.2312609612,4571.76873903879
"187","56",32680,39150,0.170753970357075,0.386661086961788,"aug",0,1,1786.28370412197,34466.283704122,4683.71629587802
"188","6",31490,38530,-0.901444500271336,-0.673316462442814,"aug",0,1,1472.40228168727,32962.4022816873,5567.59771831273
"189","7",31640,38410,-0.766293432545064,-0.878473407488874,"aug",0,1,1467.30882781052,33107.3088278105,5302.69117218948
"190","716",33400,40000,0.819479095443172,1.83985611437133,"aug",0,1,2011.0271517616,35411.0271517616,4588.9728482384
"191","725",32540,38390,0.0446129738125561,-0.91266623166321,"aug",0,1,1560.87996176008,34100.8799617601,4289.12003823993
"192","726",32320,39460,-0.153608592185973,0.916649861664095,"aug",0,1,1790.50087737849,34110.5008773785,5349.49912262151
"193","727",32400,40000,-0.0815280227319634,1.83985611437133,"aug",0,1,1879.29299656123,34279.2929965612,5720.70700343877
"194","728",33680,38870,1.07176108853221,-0.0920384514790038,"aug",0,1,1791.51729663028,35471.5172966303,3398.48270336972
"195","737",32420,39150,-0.0635078803684579,0.386661086961788,"aug",0,1,1771.45372975729,34191.4537297573,4958.54627024271
"196","738",35850,40000,3.02694653497226,1.83985611437133,"aug",0,1,1830.0000065742,37680.0000065742,2319.9999934258
"197","739",32250,38320,-0.216679090458232,-1.03234111627341,"aug",0,1,1486.03690722597,33736.036907226,4583.96309277403
"198","740",32770,39950,0.251844610992841,1.75437405393548,"aug",0,1,1932.54827812928,34702.5482781293,5247.45172187072
"199","749",32300,38510,-0.171628734549478,-0.707509286617161,"aug",0,1,1562.03885215846,33862.0388521585,4647.96114784155
"200","750",33280,40000,0.711358241262158,1.83985611437133,"aug",0,1,1994.51133922437,35274.5113392244,4725.48866077563
"201","751",32170,38740,-0.288759659912242,-0.31429180861222,"aug",0,1,1575.09832188494,33745.0983218849,4994.90167811506
"202","752",32010,39810,-0.432920798820267,1.51502428471508,"aug",0,1,1812.65555682539,33822.6555568254,5987.34444317461
"203","761",32640,39350,0.134713685630071,0.728589328705214,"aug",0,1,1791.46549181199,34431.465491812,4918.53450818802
"204","762",33340,38410,0.765418668352668,-0.878473407488874,"aug",0,1,1725.67570444673,35065.6757044467,3344.32429555326
"205","763",32920,39370,0.38699567871911,0.76278215287955,"aug",0,1,1809.22079530219,34729.2207953022,4640.77920469781
"206","764",32130,38650,-0.324799944639246,-0.468159517396765,"aug",0,1,1566.69795847547,33696.6979584755,4953.30204152453
"207","773",32330,39370,-0.144598521004223,0.76278215287955,"aug",0,1,1788.93403703801,34118.934037038,5251.06596296199
"208","774",32360,39950,-0.117568307458968,1.75437405393548,"aug",0,1,1844.07091938398,34204.070919384,5745.92908061602
"209","775",33620,40000,1.0177006614417,1.83985611437133,"aug",0,1,2019.48747840546,35639.4874784055,4360.51252159454
"210","776",33180,39420,0.621257529444643,0.848264213315412,"aug",0,1,1825.16721416576,35005.1672141658,4414.83278583425
"211","78",33260,38400,0.693338098898652,-0.895569819576042,"aug",0,1,1685.08112043547,34945.0811204355,3454.91887956453
"212","785",33710,40000,1.09879130207747,1.83985611437133,"aug",0,1,2018.94579248101,35728.945792481,4271.054207519
"213","786",32420,38990,-0.0635078803684579,0.113118493567057,"aug",0,1,1762.08802046137,34182.0880204614,4807.91197953863
"214","787",34880,40000,2.15296963034238,1.83985611437133,"aug",0,1,1830.11980632365,36710.1198063237,3289.88019367635
"215","788",31700,38240,-0.712233005454557,-1.16911241297077,"aug",0,1,1370.71458476733,33070.7145847673,5169.28541523267
"216","79",32170,37670,-0.288759659912242,-2.14360790193952,"aug",0,1,1169.32146737383,33339.3214673738,4330.67853262617
"217","797",32850,39180,0.32392518044685,0.437950323223303,"aug",0,1,1789.92783213565,34639.9278321356,4540.07216786435
"218","798",32400,39790,-0.0815280227319634,1.48083146054074,"aug",0,1,1825.46589686303,34225.465896863,5564.53410313697
"219","799",32470,38770,-0.0184575244597037,-0.263002572350705,"aug",0,1,1689.39737594035,34159.3973759404,4610.60262405965
"220","8",31420,38720,-0.964514998543593,-0.348484632786567,"aug",0,1,1490.1354463507,32910.1354463507,5809.8645536493
"221","80",32700,38250,0.188774112720581,-1.15201600088361,"aug",0,1,1544.33558820341,34244.3355882034,4005.66441179658
"222","800",32580,38550,0.0806532585395607,-0.639123638268479,"aug",0,1,1575.06877968716,34155.0687796872,4394.93122031284
"223","809",32580,39760,0.0806532585395607,1.42954222427922,"aug",0,1,1828.06205305401,34408.062053054,5351.93794694599
"224","810",33090,39100,0.540166888808884,0.301179026525938,"aug",0,1,1790.43601361214,34880.4360136121,4219.56398638785
"225","811",32450,40000,-0.0364776668232028,1.83985611437133,"aug",0,1,1893.81947283815,34343.8194728382,5656.18052716184
"226","812",33490,38800,0.900569736078937,-0.211713336089202,"aug",0,1,1787.74733184072,35277.7473318407,3522.25266815928
"227","821",32320,38380,-0.153608592185973,-0.929762643750377,"aug",0,1,1523.23241140437,33843.2324114044,4536.76758859563
"228","822",32790,39240,0.26986475335634,0.540528795746334,"aug",0,1,1790.45620650729,34580.4562065073,4659.54379349271
"229","823",33070,38700,0.522146746445379,-0.382677456960903,"aug",0,1,1762.51893715681,34832.5189371568,3867.48106284319
"230","824",32080,38470,-0.369850300548007,-0.775894934965844,"aug",0,1,1512.545779399,33592.545779399,4877.454220601
"231","833",31680,37940,-0.73025314781806,-1.68200477558591,"aug",0,1,1180.45623541645,32860.4562354165,5079.54376458355
"232","834",32960,38900,0.423035963446114,-0.0407492152174887,"aug",0,1,1771.45481976904,34731.454819769,4168.54518023096
"233","835",32010,38200,-0.432920798820267,-1.23749806131946,"aug",0,1,1458.32753144617,33468.3275314462,4731.67246855384
"234","836",31750,37910,-0.6671826495458,-1.73329401184743,"aug",0,1,1180.86404947075,32930.8640494708,4979.13595052925
"235","845",31860,38280,-0.568071866546536,-1.10072676462209,"aug",0,1,1461.48346381755,33321.4834638176,4958.51653618245
"236","846",31390,38730,-0.991545212088848,-0.3313882206994,"aug",0,1,1489.03084396633,32879.0308439663,5850.96915603367
"237","847",31420,38500,-0.964514998543593,-0.724605698704329,"aug",0,1,1465.24034519875,32885.2403451987,5614.75965480125
"238","848",31880,37700,-0.550051724183033,-2.09231866567801,"aug",0,1,1091.21832504024,32971.2183250402,4728.78167495976
"239","857",32490,38750,-0.000437382096198141,-0.297195396525052,"aug",0,1,1678.3294582685,34168.3294582685,4581.6705417315
"240","858",32010,38510,-0.432920798820267,-0.707509286617161,"aug",0,1,1516.34611697175,33526.3461169717,4983.65388302825
"241","859",32310,39990,-0.162618663367722,1.82275970228416,"aug",0,1,1850.69246648596,34160.692466486,5829.30753351404
"242","860",33060,40000,0.513136675263629,1.83985611437133,"aug",0,1,1954.92080106841,35014.9208010684,4985.07919893159
"243","869",32730,39000,0.21580432626583,0.130214905654224,"aug",0,1,1770.66702208623,34500.6670220862,4499.33297791378
"244","870",33460,39400,0.873539522533682,0.814071389141065,"aug",0,1,1833.62517914249,35293.6251791425,4106.37482085751
"245","871",32780,40000,0.26085468217459,1.83985611437133,"aug",0,1,1939.09273520066,34719.0927352007,5280.90726479935
"246","872",33780,39130,1.16186180034973,0.352468262787453,"aug",0,1,1824.76580442309,35604.7658044231,3525.23419557691
"247","881",34740,38710,2.02682863379786,-0.365581044873735,"aug",0,1,1825.58335136851,36565.5833513685,2144.41664863149
"248","882",35800,40000,2.98189617906349,1.83985611437133,"aug",0,1,1830.00001090128,37630.0000109013,2369.99998909872
"249","884",37840,40000,4.81995070014078,1.83985611437133,"aug",0,1,1830,39670,330
"250","89",32560,39260,0.0626331161760616,0.574721619920669,"aug",0,1,1788.83671683647,34348.8367168365,4911.16328316353
"251","893",31550,38460,-0.847384073180826,-0.792991347053012,"aug",0,1,1468.50074454214,33018.5007445421,5441.49925545786
"252","894",31670,38430,-0.739263218999809,-0.844280583314527,"aug",0,1,1471.18272078038,33141.1827207804,5288.81727921962
"253","895",31970,38560,-0.468961083547271,-0.622027226181299,"aug",0,1,1532.16929237688,33502.1692923769,5057.83070762311
"254","896",33460,40000,0.873539522533682,1.83985611437133,"aug",0,1,2015.38096366082,35475.3809636608,4524.61903633919
"255","9",32610,38730,0.107683472084816,-0.3313882206994,"aug",0,1,1712.2778959434,34322.2778959434,4407.7221040566
"256","90",32830,38870,0.305905038083344,-0.0920384514790038,"aug",0,1,1764.53022826349,34594.5302282635,4275.46977173651
"257","905",32710,38800,0.197784183902331,-0.211713336089202,"aug",0,1,1758.14217755754,34468.1421775575,4331.85782244246
"258","906",33260,39020,0.693338098898652,0.164407729828572,"aug",0,1,1790.41270216649,35050.4127021665,3969.58729783351
"259","907",32600,39010,0.0986734009030662,0.147311317741392,"aug",0,1,1766.19206168175,34366.1920616818,4643.80793831825
"260","908",31820,37960,-0.60411215127354,-1.64781195141157,"aug",0,1,1189.97974255288,33009.9797425529,4950.02025744712
"261","91",32890,38200,0.359965465173855,-1.23749806131946,"aug",0,1,1555.81578814565,34445.8157881457,3754.18421185435
"262","917",31780,38240,-0.640152436000545,-1.16911241297077,"aug",0,1,1416.5934476905,33196.5934476905,5043.40655230951
"263","918",32550,38910,0.0536230449943056,-0.023652803130321,"aug",0,1,1761.11068300175,34311.1106830017,4598.88931699825
"264","919",32730,39140,0.21580432626583,0.36956467487462,"aug",0,1,1787.12744601878,34517.1274460188,4622.87255398123
"265","92",32450,38390,-0.0364776668232028,-0.91266623166321,"aug",0,1,1552.35154316957,34002.3515431696,4387.64845683042
"266","920",31810,38260,-0.613122222455293,-1.13491958879644,"aug",0,1,1443.51610874357,33253.5161087436,5006.48389125643
"267","929",31200,38110,-1.16273656454212,-1.391365770104,"aug",0,1,1165.71303397248,32365.7130339725,5744.28696602752
"268","930",32870,38960,0.341945322810349,0.0618292573055416,"aug",0,1,1773.89707020784,34643.8970702078,4316.10292979216
"269","931",31910,39220,-0.523021510637778,0.506335971571986,"aug",0,1,1761.81801502372,33671.8180150237,5548.18198497628
"270","932",32510,39850,0.017582760267301,1.58340993306377,"aug",0,1,1835.6007423874,34345.6007423874,5504.3992576126
"271","953",31420,38140,-0.964514998543593,-1.34007653384249,"aug",0,1,1189.43781940401,32609.437819404,5530.56218059599
"272","954",31590,38710,-0.811343788453822,-0.365581044873735,"aug",0,1,1519.16506727803,33109.165067278,5600.83493272197
"273","955",31420,39100,-0.964514998543593,0.301179026525938,"aug",0,1,1577.49693128003,32997.49693128,6102.50306871997
"274","956",31690,38160,-0.721243076636307,-1.30588370966815,"aug",0,1,1249.93760092906,32939.9376009291,5220.06239907094
"275","1013",32020,38590,-0.086902039584079,0.0261371104197766,"nov",0,0,1788.48752944555,33808.4875294456,4781.51247055444
"276","1014",31400,40000,-0.263375574446346,0.57475264006345,"nov",0,0,1798.98042154759,33198.9804215476,6801.01957845241
"277","1015",31880,38620,-0.126750902294914,0.0378097812632567,"nov",0,0,1787.95782393956,33667.9578239396,4952.04217606044
"278","1016",31540,39080,-0.223526711735512,0.216790734196654,"nov",0,0,1789.5249740833,33329.5249740833,5750.4750259167
"279","1025",32450,38900,0.0354908958849117,0.14675470913576,"nov",0,0,1791.31050247007,34241.3105024701,4658.68949752993
"280","1027",32090,38510,-0.0669776082286618,-0.00499001182951199,"nov",0,0,1788.19352580114,33878.1935258011,4631.80647419886
"281","1037",32070,38920,-0.072670302901639,0.154536489698083,"nov",0,0,1790.19583134012,33860.1958313401,5059.80416865988
"282","1038",31950,38800,-0.106826470939497,0.107845806324151,"nov",0,0,1789.45406369031,33739.4540636903,5060.54593630969
"283","1039",32250,38970,-0.0214360508448523,0.173990941103886,"nov",0,0,1790.93650044317,34040.9365004432,4929.06349955683
"284","1040",32350,38790,0.00702742252002973,0.103954916042991,"nov",0,0,1790.38707037991,34140.3870703799,4649.61292962009
"285","1049",31560,39210,-0.217834017062535,0.267372307851746,"nov",0,0,1790.05945020285,33350.0594502028,5859.94054979715
"286","1051",31560,38620,-0.217834017062535,0.0378097812632567,"nov",0,0,1784.89780495487,33344.8978049549,5275.10219504513
"287","1052",31450,38880,-0.249143837763905,0.13897292857344,"nov",0,0,1787.7905109185,33237.7905109185,5642.20948908151
"288","1062",31540,38460,-0.223526711735512,-0.024444463235315,"nov",0,0,1780.41355146714,33320.4135514671,5139.58644853286
"289","1063",31980,38680,-0.0982874289300324,0.0611551229502225,"nov",0,0,1788.93345053265,33768.9334505327,4911.06654946734
"290","1064",32440,38920,0.0326445485484221,0.154536489698083,"nov",0,0,1791.41014402828,34231.4101440283,4688.58985597172
"291","1073",32400,40000,0.0212591592024697,0.57475264006345,"nov",0,0,1821.43290362101,34221.432903621,5778.56709637899
"292","1074",32230,39460,-0.0271287455178295,0.364644564880766,"nov",0,0,1798.76254219402,34028.762542194,5431.23745780598
"293","1076",32050,38510,-0.0783629975746162,-0.00499001182951199,"nov",0,0,1787.95038830641,33837.9503883064,4672.04961169359
"294","1085",31020,37920,-0.371536773232896,-0.234552538417999,"nov",0,0,1763.00547507653,32783.0054750765,5136.99452492347
"295","1086",32760,39870,0.123727663316043,0.524171066408358,"nov",0,0,1822.89738186241,34582.8973818624,5287.10261813759
"296","1087",30770,38630,-0.4426954566451,0.0417006715444195,"nov",0,0,1770.25358108239,32540.2535810824,6089.74641891761
"297","1088",30750,37930,-0.448388151318076,-0.230661648136839,"nov",0,0,1761.51967136937,32511.5196713694,5418.48032863063
"298","1199",31570,38660,-0.214987669726047,0.0533733423878997,"nov",0,0,1785.79196282549,33355.7919628255,5304.20803717451
"299","1200",31920,38460,-0.115365512948961,-0.024444463235315,"nov",0,0,1786.21868691882,33706.2186869188,4753.78131308118
"300","1222",35020,40000,0.767002161362368,0.57475264006345,"nov",0,0,1922.75035475491,36942.7503547549,3057.24964524509
"301","1223",33200,40000,0.248966946121524,0.57475264006345,"nov",0,0,1826.50298891707,35026.5029889171,4973.49701108293
"302","1245",31110,38150,-0.345919647204502,-0.145062061951301,"nov",0,0,1765.45980095836,32875.4598009584,5274.54019904164
"303","1246",31200,38340,-0.320302521176109,-0.0711351466092437,"nov",0,0,1769.90496863183,32969.9049686318,5370.09503136817
"304","1247",31700,38660,-0.177985154351701,0.0533733423878997,"nov",0,0,1787.08587086893,33487.0858708689,5172.91412913107
"305","1248",31540,38550,-0.223526711735512,0.0105735492951309,"nov",0,0,1782.96770981735,33322.9677098173,5227.03229018265
"306","1258",31760,38760,-0.160907070332772,0.0922822451995084,"nov",0,0,1788.51019379655,33548.5101937965,5211.48980620346
"307","1259",31680,38550,-0.183677849024677,0.0105735492951309,"nov",0,0,1785.04352837172,33465.0435283717,5084.95647162828
"308","1260",31190,38610,-0.323148868512597,0.0339188909820967,"nov",0,0,1778.0207333532,32968.0207333532,5641.97926664681
"309","1275",30580,37960,-0.496776056038375,-0.218988977293356,"nov",0,0,1760.44152467251,32340.4415246725,5619.5584753275
"310","1281",31290,38880,-0.294685395147716,0.13897292857344,"nov",0,0,1786.46027591153,33076.4602759115,5803.53972408848
"311","1282",31610,39100,-0.203602280380094,0.224572514758977,"nov",0,0,1789.77978554561,33399.7797855456,5700.22021445439
"312","1284",31910,38750,-0.11821186028545,0.0883913549183483,"nov",0,0,1789.07984696728,33699.0798469673,5050.92015303272
"313","1293",31270,38650,-0.300378089820692,0.0494824521067396,"nov",0,0,1780.91240892182,33050.9124089218,5599.08759107818
"314","1295",32050,38430,-0.0783629975746162,-0.0361171340787978,"nov",0,0,1787.0179625206,33837.0179625206,4592.9820374794
"315","1296",31340,38650,-0.280453658465275,0.0494824521067396,"nov",0,0,1782.20562572702,33122.205625727,5527.79437427298
"316","1305",31240,38460,-0.308917131830157,-0.024444463235315,"nov",0,0,1774.1320912169,33014.1320912169,5445.8679087831
"317","1306",31880,38820,-0.126750902294914,0.115627586886474,"nov",0,0,1789.34033175867,33669.3403317587,5150.65966824133
"318","1307",31860,38510,-0.132443596967891,-0.00499001182951199,"nov",0,0,1786.40257168122,33646.4025716812,4863.59742831878
"319","1317",31870,38740,-0.129597249631402,0.0845004646371883,"nov",0,0,1788.86665281227,33658.8666528123,5081.13334718773
"320","1318",30310,40000,-0.573627434123555,0.57475264006345,"nov",0,0,1790.01206479903,32100.012064799,7899.98793520097
"322","1329",27840,37710,-1.27667522623613,-0.316261234322376,"nov",0,0,1565.97517427265,29405.9751742727,8304.02482572735
"323","1341",27400,40000,-1.40191450904161,0.57475264006345,"nov",0,0,1760.38302515315,29160.3830251532,10839.6169748468
"325","1353",37380,40000,1.43874013277357,0.57475264006345,"nov",0,0,2001.85515493949,39381.8551549395,618.144845060517
"326","1355",36970,40000,1.32203989197756,0.57475264006345,"nov",0,0,1977.54118353266,38947.5411835327,1052.45881646734
"327","1377",29830,34720,-0.710252106274987,-1.47963742838946,"nov",0,0,1473.19800867598,31303.198008676,3416.80199132402
"329","1379",27910,34100,-1.25675079488071,-1.72087262582143,"nov",0,0,1191.49599512149,29101.4959951215,4998.50400487852
"330","1380",30940,38350,-0.3943075519248,-0.0672442563280837,"nov",0,0,1766.70404271622,32706.7040427162,5643.29595728378
"331","1389",28910,40000,-0.972116061231897,0.57475264006345,"nov",0,0,1775.52400656416,30685.5240065642,9314.47599343584
"333","1392",23640,40000,-2.47214110756116,0.57475264006345,"nov",0,0,1553.70918162347,25193.7091816235,14806.2908183765
"334","1423",36590,40000,1.21387869319101,0.57475264006345,"nov",0,0,1956.73435845494,38546.7343584549,1453.26564154505
"336","1437",34150,40000,0.519369943087897,0.57475264006345,"nov",0,0,1853.8988431211,36003.8988431211,3996.1011568789
"337","1438",24420,33860,-2.25012601531508,-1.81425399256929,"nov",0,0,1001.43223688008,25421.4322368801,8438.56776311992
"338","1440",32990,40000,0.189193652055272,0.57475264006345,"nov",0,0,1825.3197764909,34815.3197764909,5184.6802235091
"339","1449",20410,26280,-3.39151129724683,-4.76354882568919,"nov",0,0,1001.11111111111,21411.1111111111,4868.88888888889
"340","1450",25570,34560,-1.92279607161894,-1.54189167288803,"nov",0,0,1129.45377180988,26699.4537718099,7860.54622819012
"341","1451",32920,40000,0.169269220699855,0.57475264006345,"nov",0,0,1824.98115218236,34744.9811521824,5255.01884781764
"342","1452",33410,40000,0.308740240187773,0.57475264006345,"nov",0,0,1828.34777310841,35238.3477731084,4761.65222689159
"343","1461",19740,32860,-3.58221656879154,-2.20334302068537,"nov",0,0,1001.11111111182,20741.1111111118,12118.8888888882
"344","1463",22410,40000,-2.8222418299492,0.57475264006345,"nov",0,0,1483.47310427774,23893.4731042777,16106.5268957223
"345","1467",36620,40000,1.22241773520047,0.57475264006345,"nov",0,0,1958.01564847371,38578.0156484737,1421.98435152629
"346","1487",34880,40000,0.727153298651534,0.57475264006345,"nov",0,0,1914.74798101616,36794.7479810162,3205.25201898383
"347","1488",35320,40000,0.852392581457012,0.57475264006345,"nov",0,0,1933.44355008878,37253.4435500888,2746.55644991122
"348","1497",27660,40000,-1.32790947829292,0.57475264006345,"nov",0,0,1762.36594669625,29422.3659466962,10577.6340533038
"352","1521",36890,40000,1.29926911328565,0.57475264006345,"nov",0,0,1972.49370966257,38862.4937096626,1137.50629033743
"355","1524",28110,40000,-1.19982384815095,0.57475264006345,"nov",0,0,1764.64581931213,29874.6458193121,10125.3541806879
"356","1533",27440,40000,-1.39052911969566,0.57475264006345,"nov",0,0,1760.77757722888,29200.7775772289,10799.2224227711
"357","1534",26070,35800,-1.78047870479453,-1.05942127802409,"nov",0,0,1236.69884044784,27306.6988404478,8493.30115955216
"362","1557",31980,40000,-0.0982874289300324,0.57475264006345,"nov",0,0,1814.11156485502,33794.111564855,6205.88843514498
"364","1809",32510,38980,0.0525689799038393,0.177881831385046,"nov",0,0,1792.39820953423,34302.3982095342,4677.60179046577
"365","1810",31130,38230,-0.340226952531526,-0.113934939702015,"nov",0,0,1766.73755647712,32896.7375564771,5333.26244352288
"366","1811",32780,40000,0.12942035798902,0.57475264006345,"nov",0,0,1824.29118867245,34604.2911886724,5395.70881132755
"367","1812",32310,39020,-0.00435796682592266,0.193445392509691,"nov",0,0,1791.53845532323,34101.5384553232,4918.46154467676
"368","1821",32480,38910,0.0440299378943745,0.15064559941692,"nov",0,0,1791.53242874455,34271.5324287445,4638.46757125545
"370","1823",31990,38410,-0.0954410815935448,-0.0438989146411207,"nov",0,0,1786.13575313654,33776.1357531365,4633.86424686346
"371","1824",31250,38910,-0.306070784493668,0.15064559941692,"nov",0,0,1786.52652541145,33036.5265254114,5873.47347458855
"372","1845",31000,37930,-0.377229467905872,-0.230661648136839,"nov",0,0,1762.98396462458,32762.9839646246,5167.01603537542
"373","1846",31500,39190,-0.234912101081464,0.259590527289423,"nov",0,0,1789.85041374424,33289.8504137442,5900.14958625576
"374","1847",32680,39280,0.100956884624138,0.294608539819872,"nov",0,0,1802.78472580278,34482.7847258028,4797.21527419722
"375","1848",31100,38040,-0.34876599454099,-0.18786185504407,"nov",0,0,1764.30573959314,32864.3057395931,5175.69426040686
"376","499",31830,38410,-0.140982638977355,-0.0438989146411207,"nov",0,0,1784.10095955357,33614.1009595536,4795.89904044643
"377","500",31560,38590,-0.217834017062535,0.0261371104197766,"nov",0,0,1784.24869915715,33344.2486991572,5245.75130084284
"378","509",32570,39550,0.0696470639227689,0.399662577411212,"nov",0,0,1811.29661398884,34381.2966139888,5168.70338601116
"379","510",31720,38730,-0.172292459678725,0.0806095743560255,"nov",0,0,1788.02797404862,33508.0279740486,5221.97202595138
"380","511",32810,39920,0.137959399998485,0.543625517814164,"nov",0,0,1823.76551917654,34633.7655191765,5286.23448082346
"381","512",31900,38060,-0.121058207621938,-0.180080074481747,"nov",0,0,1774.91621475432,33674.9162147543,4385.08378524568
"382","521",32300,38320,-0.00720431416241228,-0.0789169271715666,"nov",0,0,1787.64129248205,34087.641292482,4232.35870751796
"383","522",36050,40000,1.06017593702065,0.57475264006345,"nov",0,0,1943.44921719283,37993.4492171928,2006.55078280717
"384","523",31850,38870,-0.135289944304378,0.135082038292277,"nov",0,0,1789.47904445081,33639.4790444508,5230.52095554919
"385","524",31530,38780,-0.226373059071999,0.100064025761831,"nov",0,0,1787.22561446105,33317.2256144611,5462.77438553895
"386","533",31970,38860,-0.101133776266521,0.131191148011117,"nov",0,0,1789.74760243567,33759.7476024357,5100.25239756433
"387","534",31900,39130,-0.121058207621938,0.23624518560246,"nov",0,0,1790.60463754594,33690.6046375459,5439.39536245406
"388","535",32310,39040,-0.00435796682592266,0.201227173072012,"nov",0,0,1791.70639191159,34101.7063919116,4938.2936080884
"389","536",33730,39650,0.399823354955394,0.438571480222821,"nov",0,0,1826.40598050547,35556.4059805055,4093.59401949454
"390","545",30660,37450,-0.474005277346469,-0.417424381632556,"nov",0,0,1736.92992001789,32396.9299200179,5053.07007998211
"391","547",31030,38850,-0.368690425896407,0.127300257729957,"nov",0,0,1782.22701420449,32812.2270142045,6037.77298579551
"392","548",34560,40000,0.636070183883913,0.57475264006345,"nov",0,0,1888.97437381611,36448.9743738161,3551.02562618389
"393","557",32570,39920,0.0696470639227689,0.543625517814164,"nov",0,0,1821.9108771966,34391.9108771966,5528.0891228034
"394","558",31630,39040,-0.197909585707118,0.201227173072012,"nov",0,0,1789.59834623658,33419.5983462366,5620.40165376342
"395","559",32070,38920,-0.072670302901639,0.154536489698083,"nov",0,0,1790.19583134012,33860.1958313401,5059.80416865988
"396","560",32140,38670,-0.0527458715462218,0.0572642326690625,"nov",0,0,1789.41901215153,33929.4190121515,4740.58098784847
"397","569",31570,38030,-0.214987669726047,-0.19175274532523,"nov",0,0,1768.25075050902,33338.250750509,4691.74924949097
"398","570",27940,40000,-1.24821175287125,0.57475264006345,"nov",0,0,1763.74694634657,29703.7469463466,10296.2530536534
"399","571",31910,39080,-0.11821186028545,0.216790734196654,"nov",0,0,1790.41635046287,33700.4163504629,5379.58364953713
"400","572",32040,39690,-0.0812093449111038,0.454135041347464,"nov",0,0,1802.73228415918,33842.7322841592,5847.26771584083
"401","581",31950,39340,-0.106826470939497,0.317953881506838,"nov",0,0,1792.3995281811,33742.3995281811,5597.60047181891
"402","582",33170,39520,0.240427904112059,0.387989906567732,"nov",0,0,1821.68167480219,34991.6816748022,4528.3183251978
"403","583",37690,40000,1.5269769002047,0.57475264006345,"nov",0,0,2012.87342641921,39702.8734264192,297.12657358079
"404","584",31990,38340,-0.0954410815935448,-0.0711351466092437,"nov",0,0,1784.82167019692,33774.8216701969,4565.17832980308
"405","593",31860,38020,-0.132443596967891,-0.19564363560639,"nov",0,0,1772.82533446576,33632.8253344658,4387.17466553424
"406","594",26430,40000,-1.67801020068096,0.57475264006345,"nov",0,0,1711.46694728467,28141.4669472847,11858.5330527153
"407","595",31390,38640,-0.266221921782834,0.0455915618255796,"nov",0,0,1782.80098419775,33172.8009841978,5467.19901580225
"408","596",31440,39000,-0.251990185100393,0.185663611947369,"nov",0,0,1788.75922643391,33228.7592264339,5771.24077356609
"409","605",32160,40000,-0.0470531768732466,0.57475264006345,"nov",0,0,1817.9477915611,33977.9477915611,6022.0522084389
"410","606",32260,38320,-0.0185897035083647,-0.0789169271715666,"nov",0,0,1787.34002851584,34047.3400285158,4272.65997148416
"411","607",32070,39720,-0.072670302901639,0.465807712190947,"nov",0,0,1804.77901453916,33874.7790145392,5845.22098546084
"412","608",32080,39660,-0.0698239555651514,0.442462370503981,"nov",0,0,1802.55952265404,33882.559522654,5777.44047734595
"413","617",36070,40000,1.06586863169362,0.57475264006345,"nov",0,0,1943.71355967177,38013.7135596718,1986.28644032824
"414","618",28510,40000,-1.08596995469142,0.57475264006345,"nov",0,0,1768.32313054936,30278.3231305494,9721.67686945064
"415","619",31310,38080,-0.288992700474739,-0.172298293919427,"nov",0,0,1766.21890698397,33076.218906984,5003.78109301603
"416","620",31590,38640,-0.209294975053071,0.0455915618255796,"nov",0,0,1785.66286791585,33375.6628679158,5264.33713208415
"417","629",32080,38380,-0.0698239555651514,-0.0555715854846008,"nov",0,0,1786.57830761304,33866.578307613,4513.42169238696
"418","630",32730,38980,0.115188621306578,0.177881831385046,"nov",0,0,1794.59199179803,34524.591991798,4455.40800820198
"419","631",33170,38990,0.240427904112059,0.181772721666209,"nov",0,0,1803.80704865353,34973.8070486535,4016.19295134646
"420","632",31810,38670,-0.146675333650332,0.0572642326690625,"nov",0,0,1788.00705307627,33598.0070530763,5071.99294692373
"421","641",30780,40000,-0.439849109308611,0.57475264006345,"nov",0,0,1791.51235028206,32571.5123502821,7428.48764971794
"422","642",32310,40000,-0.00435796682592266,0.57475264006345,"nov",0,0,1820.3294999873,34130.3294999873,5869.6705000127
"423","643",31230,39050,-0.311763479166644,0.205118063353172,"nov",0,0,1788.0766423061,33018.0766423061,6031.9233576939
"424","644",31190,38390,-0.323148868512597,-0.0516806952034408,"nov",0,0,1771.05529235902,32961.055292359,5428.94470764099
"425","653",31820,38510,-0.143828986313843,-0.00499001182951199,"nov",0,0,1785.97893579871,33605.9789357987,4904.02106420129
"426","654",31880,38470,-0.126750902294914,-0.0205535729541549,"nov",0,0,1785.95406455956,33665.9540645596,4804.04593544044
"427","655",31400,38460,-0.263375574446346,-0.024444463235315,"nov",0,0,1777.52387702896,33177.523877029,5282.47612297104
"428","656",31290,38030,-0.294685395147716,-0.19175274532523,"nov",0,0,1765.40932084668,33055.4093208467,4974.59067915332
"429","665",33030,40000,0.200579041401224,0.57475264006345,"nov",0,0,1825.51967411035,34855.5196741104,5144.48032588965
"430","666",23170,40000,-2.6059194323761,0.57475264006345,"nov",0,0,1526.51512780824,24696.5151278082,15303.4848721918
"431","667",32210,38650,-0.0328214401908046,0.0494824521067396,"nov",0,0,1789.52740170661,33999.5274017066,4650.47259829339
"432","668",34350,40000,0.576296889817661,0.57475264006345,"nov",0,0,1869.77921462472,36219.7792146247,3780.22078537528
"433","677",32100,38900,-0.0641312608921742,0.14675470913576,"nov",0,0,1790.19318215773,33890.1931821577,5009.80681784227
"434","678",31710,38540,-0.175138807015213,0.00668265901397089,"nov",0,0,1785.22875712528,33495.2287571253,5044.77124287472
"435","679",30980,38210,-0.382922162578848,-0.121716720264335,"nov",0,0,1765.19310656631,32745.1931065663,5464.80689343369
"436","680",31660,39020,-0.189370543697653,0.193445392509691,"nov",0,0,1789.59544211578,33449.5954421158,5570.40455788422
"437","689",31570,39280,-0.214987669726047,0.294608539819872,"nov",0,0,1790.34236304791,33360.3423630479,5919.65763695209
"439","691",31490,38460,-0.237758448417953,-0.024444463235315,"nov",0,0,1779.40893619112,33269.4089361911,5190.59106380888
"440","692",31440,38550,-0.251990185100393,0.0105735492951309,"nov",0,0,1781.18684395893,33221.1868439589,5328.81315604107
"441","701",30420,37640,-0.542317613422185,-0.343497466290502,"nov",0,0,1740.74077339462,32160.7407733946,5479.25922660538
"442","702",30730,38060,-0.454080845991052,-0.180080074481747,"nov",0,0,1762.64410047404,32492.644100474,5567.35589952596
"443","703",31320,37800,-0.286146353138251,-0.28124322179193,"nov",0,0,1763.54101462972,33083.5410146297,4716.45898537028
"444","704",30620,37330,-0.485390666692422,-0.464115065006488,"nov",0,0,1715.65981618331,32335.6598161833,4994.34018381669
"445","713",32980,39630,0.186347304718782,0.430789699660501,"nov",0,0,1821.47980559902,34801.479805599,4828.52019440098
"446","714",37730,40000,1.53836228955066,0.57475264006345,"nov",0,0,2013.79812606484,39743.7981260648,256.201873935162
"447","715",32130,38420,-0.0555922188827094,-0.0400080243599579,"nov",0,0,1787.53628582834,33917.5362858283,4502.46371417166
"448","977",34710,40000,0.678765393931235,0.57475264006345,"nov",0,0,1902.14463771559,36612.1446377156,3387.85536228441
"449","978",32020,39100,-0.086902039584079,0.224572514758977,"nov",0,0,1790.83802476266,33810.8380247627,5289.16197523734
"450","979",32290,38940,-0.0100506614988999,0.162318270260403,"nov",0,0,1790.91217872094,34080.9121787209,4859.08782127906
"451","980",31090,39130,-0.351612341877479,0.23624518560246,"nov",0,0,1787.98055976035,32877.9805597604,6252.01944023964
